ctr,fill_rate,gross_cpm,net_cpm,pageviews,sessions,unfilled_impressions,viewable_percent,viewable_time,target_action,target_projected_cpm
0.013734364040810326,0.9658500101408589,6.123957592679836,4.836694190333981,59886,31964,2045,0.3549862036999016,12.562724515214944,0,6.529537156950875
0.012346092778726742,0.570004740781751,5.55621931064197,3.936368783159506,64735,42060,27835,0.41678651087305185,6.181974245763314,0,5.314097857265334
0.007235753335016751,0.6490786990501735,4.673295021425664,3.574097490770437,135608,75592,47587,0.5199235344433906,3.0733102539131547,2,4.110212114386002
0.03410768764060961,0.6140579568108491,1.6342450417297456,1.2955606696549682,72435,40148,27955,0.6258280128741234,3.0683594925599476,2,1.4898947701032133
0.021656524964648906,0.5835568206067728,1.4553611508969566,1.2258984777628428,179073,87993,74573,0.35371966270351113,17.73735960977961,0,1.6549629449798378
0.015965184787146446,0.5597987350739416,4.466238370778891,3.1494049594230926,85077,44011,37451,0.4002298482834343,19.373312437306005,0,4.251696695221176
0.015455299732702321,0.6018914148054125,4.97390229473994,3.5050939948980426,42065,28118,16746,0.6288449883460969,23.203107405531686,2,4.030858094132749
0.004008745069765263,0.5960316025853811,1.3165910223737665,0.9858627645799567,28247,17631,11410,0.5968306728139938,15.495276810268509,2,1.1337421792669502
0.03381868044698069,0.7974467813664755,2.9319942741578036,2.1826968252568166,197300,83332,39963,0.8427878151302846,19.76162969382312,2,2.510101349045339
0.007756333172161863,0.5027058373905652,6.708229999183839,5.407025245299986,18986,12095,9441,0.6332779861295563,23.304920205807026,2,6.218079032094983
0.023136618867066115,0.9483302410164526,6.950270044528595,5.333759564713406,57256,23994,2958,0.4710402769436142,9.479216406615182,0,7.200575412363099
0.025806610063494183,0.8124031609640544,7.210489198034286,5.55807753117862,118252,81772,22183,0.7669026033463462,18.599778986792085,3,5.835981407737552
0.009023487271464497,0.6254734781530488,1.2830351267690194,1.03489540635202,127409,67756,47718,0.4109455612844679,22.602562700490946,0,1.397108798575227
0.0171625875881918,0.776005030268428,5.868612604982893,4.230681172927563,192116,107960,43033,0.41168367360412317,23.685632122833564,0,5.71141958345221
0.021361425860610225,0.8404446171894553,7.163274873106804,5.685155360912661,178629,105394,28501,0.7793033246032448,20.484457768679633,3,5.969413128958294
0.007343382002125219,0.9373539092600891,4.775395693409555,3.9211539213351494,151779,76935,9508,0.7987556428501648,8.259041735846612,3,4.117211617401907
0.023021464098406323,0.5002549847277048,3.467981994339183,2.586133783363041,194125,107394,97013,0.5295760517318284,7.108479640826796,2,2.974053850867497
0.005075422489345216,0.6654314339877777,7.600367927387634,5.688726728956572,73840,38481,24704,0.33569073590993986,7.840054520489928,0,7.679781084091373
0.009393786136512441,0.8411890936914963,5.985894129471094,4.323090793328684,98264,47170,15605,0.8371382257079591,11.453851306319319,3,4.539245332995119
0.002123724918618645,0.6690849115330747,5.440459412909546,4.363824146236178,55859,29847,18484,0.6040911989892304,15.632024649226052,2,5.018397768171604
0.0037490130953123186,0.6811306834700882,2.695119567941981,2.2112673485411287,111308,65637,35492,0.6484413409184921,14.322817733719445,2,2.5429574508222976
0.004069852181849883,0.9092982228387265,3.245460454802151,2.3626230858002053,20708,13615,1878,0.4792773978610366,7.065544094007611,0,3.1895411658302772
0.02517908410289261,0.8966555126084605,3.4406619110421057,2.458099987140821,144752,87905,14959,0.5127044404652956,23.544789740944893,3,2.581004986497862
0.005675712100963771,0.6671225120146267,1.7943146486841235,1.504898949802179,90981,55383,30285,0.42570251198851483,6.023963323206532,0,2.031613582232942
0.034393723673200816,0.7531515867227969,2.825804223812863,2.4003456435837744,117893,78889,29101,0.7952299314398318,16.561333517285163,2,2.7603974901213406
0.012527012895655824,0.6711126915602038,6.081689752091676,5.0755747676316565,11295,5888,3714,0.788273554318528,21.57135432165279,2,5.836910982776405
0.03281158980351222,0.8848169190458324,5.6829177829996,4.4730415971963975,131063,56414,15096,0.6649259730094308,2.1164164284630296,3,4.696693677056218
0.006467473748194954,0.7688795567896272,5.843266383848853,4.661723965377692,117296,53108,27109,0.30994144998853645,13.359555449218997,0,6.293327353259884
0.00707997211352518,0.6795697044456014,6.209193661395936,5.017903904164193,75271,42941,24119,0.35152112230545085,10.45746347036697,0,6.774170270621661
0.010016880501178667,0.619554925255751,7.811073883267119,5.928329023894423,81213,54561,30897,0.5389169010307358,10.05180337697754,2,6.817578377478586
0.022933514309039206,0.8277727892349188,7.049172955503321,5.177813433998872,50714,28988,8734,0.72270470786847,3.0028867503519763,3,5.436704105698816
0.0348147173671096,0.730272811855562,2.9569223925773103,2.461709163526212,168707,68265,45504,0.810575209423249,11.84823541129823,2,2.8309655380551435
0.03386626384748477,0.9721737887737338,6.971066188271521,5.187639739142108,120668,55178,3357,0.44766117128958627,13.16143710835526,0,7.003313647841846
0.013671353481197676,0.6933988187366413,6.90949198508418,5.800535969476745,187957,80662,57627,0.6382539746845434,24.771238552398056,2,6.670616364898256
0.005762856518041817,0.7539815296582311,7.141611503495688,5.792670304744285,110864,67709,27274,0.4977201331708654,8.752612418083348,0,7.820104911404785
0.028518279286269467,0.8969555633927986,7.069506230060726,5.917078327418818,115627,73942,11914,0.6574801619277708,18.145238176927176,3,6.212932243789759
0.02805695076082744,0.9361026174906075,3.365966097960751,2.545806191406233,147038,88459,9395,0.48048396711110253,5.565957184738116,0,3.436838358398415
0.03438259020255806,0.9110774160139881,7.022832328181726,5.179603631447549,75313,48710,6697,0.4981048527761946,4.92239179099335,0,6.992464902454191
0.018756270841863352,0.8772968410183193,2.5107471924779023,1.9921111117420984,92235,60193,11317,0.40690901869718016,11.461139816303607,0,2.689350000851833
0.024783415166084594,0.5677930152847227,1.9292179557007887,1.6310197589031308,88613,36536,38299,0.519351495794637,11.970976964357067,2,1.8756727227386003
0.026297449861969927,0.622921658399864,2.2903357203195904,1.6310189408614504,137222,83539,51743,0.5249241194278484,5.985769361629453,2,1.8756717819906679
0.006318859450816926,0.6226190201006517,4.844586652942843,3.9104989374640047,181615,123567,68538,0.6510488266138428,13.884013920811034,2,4.497073778083605
0.023341785169005674,0.7134797203521666,6.11027521593273,4.320926452018095,72215,32322,20691,0.36609055629310316,9.863232334477235,0,5.833250710224428
0.004121168237657024,0.5461369242515944,3.1798931657390592,2.6931360413772896,165196,89577,74976,0.3538087883580508,13.307165127687144,0,3.635733655859341
0.017098040206539235,0.5848689162559074,4.036961544665811,3.0671853244854863,28049,19206,11644,0.7876742130139263,8.000553336859422,2,3.527263123158309
0.0015203543698730816,0.9573837909589467,4.507279187406814,3.519764143284299,21364,9589,910,0.3388128110702364,16.77564339874526,0,4.751681593433804
0.0019013845584151417,0.787030034823997,7.581611689974703,5.961581446121643,16938,10044,3607,0.5520390897703342,14.549186154266504,2,6.85581866303989
0.03300980349840186,0.6891902925223794,7.7283339467674,6.459361577730685,156836,65997,48746,0.3554279007575847,2.4191019899856436,0,8.720138129936425
0.004211060665701566,0.8346733189740149,1.498320539221603,1.120513538212167,119585,72287,19770,0.487343513205332,7.995974149425772,0,1.5126932765864254
0.017865273445975813,0.8395162757590503,3.4383562311723814,2.8899288632230418,12543,7783,2012,0.7419145117116668,8.486795169140049,3,3.034425306384194
0.007032944488510576,0.8678012283040206,6.647843174870848,5.6411986495981425,90999,39885,12029,0.43750904706885757,15.352512283909926,0,7.615618176957493
0.030481964645130553,0.775314679150449,2.6701780185323813,2.14142060106821,179358,112343,40299,0.3567181278597629,22.758716853630034,0,2.8909178114420837
0.018178580663227147,0.9049641583927934,3.240347207214282,2.7035139739179743,183352,76282,17425,0.8271978232857591,21.484292314198566,3,2.838689672613873
0.0130667764757325,0.9688324337119636,5.737389330970123,4.431434113946476,196993,116137,6139,0.5466450370880759,8.743847749055483,3,4.653005819643799
0.012174594542577143,0.8295340434777488,6.26662170606376,5.130714156866271,32192,13972,5487,0.812011008128011,24.407708796291434,3,5.3872498647095854
0.03486166222903119,0.5273768657919016,6.159248897537062,4.815838894106464,94930,41305,44866,0.37864542512905974,19.51474452950186,0,6.5013825070437266
0.022019414152752877,0.5495501113001672,1.588747642804982,1.2791728082561973,44081,22877,19856,0.7905432998272272,5.371910898916586,2,1.4710487294946268
0.01845308973554136,0.6142817554880187,5.069137920587476,4.204701776291376,193926,130378,74800,0.6255388063517064,10.05501967410721,2,4.835407042735082
0.025078160649828797,0.7360168241024165,3.6459131308557815,2.937740642921591,30289,20351,7995,0.3611586152683832,13.33037739868976,0,3.965949867944148
0.0013860239220922484,0.7296437145771218,1.3941229297728615,1.0007330680715756,149188,96500,40333,0.709316411318814,17.663906823228906,2,1.1508430282823119
0.009075220023943977,0.6961092175072922,4.344004236161593,3.0948150031996597,108333,57514,32921,0.7411600869647037,24.49171538134823,2,3.5590372536796084
0.019904171313847877,0.658116330256016,1.3038054830872094,1.093497094737878,26732,12721,9139,0.6824761177086562,3.734994583064693,2,1.2575216589485596
0.0066513246849146,0.6062364622273807,3.061457627876009,2.6003246733874943,115133,66235,45335,0.795636905770044,3.045266747853531,2,2.990373374395618
0.01055274844613583,0.9657016271975138,7.231846487236414,5.556578494118326,71203,35651,2442,0.393323947142561,16.877512318380646,0,7.50138096705974
0.014201125055655656,0.6124034253954254,2.8615654747496726,2.1577684948399876,9835,6843,3812,0.6839889427108599,14.330216425914768,2,2.4814337690659856
0.011523938953735144,0.8987595596564049,5.793118207877155,4.19649161834823,170421,72064,17253,0.8172925049244608,11.582698327985021,3,4.406316199265642
0.020759529120148095,0.9503965103994242,1.579238940247143,1.3131359515713403,61570,25463,3054,0.3145018359734886,10.65865743819514,0,1.7727335346213096
0.028558813246582323,0.9837653033643228,2.0529182377246973,1.619998033578111,140230,72624,2276,0.7560403213885829,15.088873790812196,3,1.7009979352570166
0.0031594022060600457,0.5180427151416358,1.9369648316044323,1.3598476993804265,183998,121331,88679,0.7470955550215427,24.993506485581005,2,1.5638248542874904
0.034885652460512784,0.7721615357452875,6.3829119062635735,5.372591798268953,168273,86383,38339,0.4325966577812975,6.7160425556500725,0,7.2529989276630875
0.00954904294340115,0.6346185805426953,2.450593543056395,2.0382397647049544,181615,106324,66358,0.49698949491806227,4.6118246205914675,0,2.7516236823516884
0.02383348865015519,0.7549507734428587,6.406228742149475,4.984203075220745,42131,27170,10324,0.8323855709919028,4.033389137409872,2,5.731833536503856
0.027921806541967523,0.7890783895974417,4.360321769129326,3.32727593495219,6252,3664,1318,0.687243872454573,6.898175714704947,2,3.8263673251950183
0.005636630169950172,0.5071268861772621,3.454112911646179,2.72352538299828,143013,81008,70487,0.3500511500782316,18.70713175095525,0,3.6767592670476783
0.019613174434569794,0.7209461192338912,7.373298948822911,5.490850880802955,188401,124101,52574,0.8222363430117032,5.382690061367873,2,6.314478512923398
0.03250397925549081,0.7411369836089737,2.8077107180927086,2.158765560242361,78477,42988,20314,0.48081338565812953,16.568219649284693,0,2.914333506327188
0.009164951038458564,0.5371730307732453,1.9021580533745446,1.368045150928375,142162,62785,65796,0.652481109641768,6.183241941180331,2,1.5732519235676312
0.01275268763301135,0.9394263208539457,4.317731481840107,3.4547622968218086,80697,46851,4888,0.4231169862484763,20.901184647422333,0,4.663929100709442
0.01273280934596115,0.6703334150965149,1.222632770396156,0.9564745370755647,109680,55585,36157,0.7918194945927592,4.96121316089181,2,1.0999457176368994
0.012223383452545283,0.6575755546932143,1.6460341036012225,1.2710211316319517,179293,76114,61394,0.7804682432587275,23.180065212231703,2,1.4616743013767444
0.0030766506350653677,0.6356700475921299,6.643408958551429,5.396035540548658,55428,38571,20194,0.5951248552930328,23.252960459470962,2,6.205440871630956
0.009027962125991749,0.872378150379417,4.718860277814738,3.813204387714473,110113,45256,14052,0.4388403193892114,18.407040475344708,0,5.147825923414539
0.03143703248136478,0.7507219466366764,4.7247943968572095,3.3833109356017603,110977,56181,27664,0.5184401078772454,4.411990830247061,2,3.890807575942024
0.026071777007189854,0.5893191004532194,4.947755644131854,4.08737308754813,142301,70901,58440,0.36586917250058815,22.482127457017583,0,5.517953668189976
0.021182143420837657,0.8327601363807999,6.524198670251368,5.054729458893476,31734,18255,5307,0.7052523614672022,14.82807211686006,3,5.30746593183815
0.02094220477846581,0.7765846858360942,3.6514083816590253,2.740809296795951,190625,110994,42588,0.43439423550556,13.459697050525625,0,3.700092550674534
0.012231848363551075,0.9575089936423385,1.0527405419385232,0.7725009250940278,6605,3129,280,0.3883747552927556,6.291041553180032,0,1.0428762488769376
0.010693235735590802,0.5849530616944298,7.277357972384976,5.181734033966242,160890,65236,66776,0.6833288043015319,24.93687729967307,2,5.958994139061177
0.031484748941116705,0.7822392247247734,7.4217692915987215,5.201138817828158,136189,65012,29656,0.3939881730645362,17.378794058261914,0,7.021537404068014
0.03259878363033792,0.7728138175768255,5.001288826289299,3.710940625310177,102579,47342,23304,0.8323967365773288,18.35190701324521,2,4.267581719106703
0.007783235529502872,0.8607611200122591,4.708880162267817,3.795755378718306,83477,40619,11623,0.6196810217824368,5.550342451306653,3,3.985543147654221
0.017358763463063795,0.760968821950277,1.3627647577569884,1.0227421975748274,70545,39828,16862,0.6019070889389375,6.639800633595424,2,1.1761535272110515
0.024275432627914335,0.5430553745089018,1.9717734140941428,1.3810431817749187,98070,53102,44812,0.5265125027809977,10.023970130488891,2,1.5881996590411565
0.03260399090442608,0.9070035098159872,7.755188374665588,5.573224119652657,144639,100853,13450,0.4127509955292805,10.722257454167408,0,7.523852561531088
0.03249928040205018,0.8535823098681258,1.3366625077486138,1.0923569214769855,177904,111216,26048,0.7397454220057336,20.978051563934336,3,1.1469747675508348
0.0073377695507968995,0.6154889555718499,5.4363099460412405,4.54573321343497,153056,101500,58851,0.5158448090824495,20.781787107846274,2,5.227593195450216
0.015930586891387426,0.6847027704182047,4.238758499687245,3.158751153640711,107974,59473,34043,0.4277169823307495,22.690215185315076,0,4.26431405741496
0.014052301526689188,0.7663409019458545,7.345304776751829,5.829496093708835,72506,38388,16941,0.48304868225186637,18.802630146613932,0,7.869819726506928
0.02458639865171351,0.5816980723967577,7.150403807614068,5.53665451302298,30053,20080,12571,0.733728466173492,5.488522233853277,2,6.367152689976426
0.011598550305048642,0.6217596785090882,6.207624048008739,4.376560345844233,24029,14759,9088,0.5716898179219745,19.35661171278268,2,5.033044397720867
0.004499145045300931,0.7628758622274514,3.65175095889841,2.806553319575684,69435,36049,16464,0.7385124511787545,5.448100829021797,2,3.2275363175120364
0.008794547437909812,0.8539037585126025,6.04025575582252,4.809083381055874,175738,100109,25674,0.6938984911031237,15.777675389878508,1,6.011354226319843
0.029111160145508665,0.9699466493363735,3.397669800249804,2.4942383955395764,60318,32487,1812,0.8210058367864985,5.527082271669844,3,2.6189503153165554
0.020931814288571108,0.7478854526533883,5.280179648042535,3.710469507234741,32306,21956,8144,0.610823250974065,18.022968949168522,2,4.267039933319952
0.03236497896002806,0.8465469308135654,2.0677733003998293,1.6261863629525009,114945,48354,17638,0.342526586018833,4.397680219191619,0,2.195351589985876
0.029574947487334382,0.9462362371452995,1.8596754729201366,1.3675791310116439,137717,62784,7404,0.7606199339513706,9.639367491063595,3,1.4359580875622262
0.0115891049775518,0.6114238542297852,5.255260756559811,3.9776850823116305,62545,40082,24303,0.30254761265253155,9.670480948896316,0,5.369874861120701
0.014537735582092072,0.7633238454395822,7.438989314889323,5.593762143123991,131161,71384,31042,0.8051500987166156,15.502569155141046,2,6.432826464592589
0.0021167867882769037,0.9472472368107732,2.7375850993000634,2.153507064070134,181837,74582,9592,0.4713102441230166,19.951401273560016,0,2.907234536494681
0.010437963869400217,0.6078476348997376,2.488765490388584,1.934457815621581,75480,51954,29599,0.3817645002642121,11.536354845721545,0,2.6115180510891345
0.0039018887146738913,0.9884683834045143,4.515365072318698,3.5640126573914066,178021,111261,2052,0.4154480762025722,22.655248657136415,0,4.811417087478399
0.007974747776388244,0.5934369831251967,1.255847674936664,0.9680199987702917,98607,56820,40089,0.46172457357153435,18.42336159516605,0,1.306826998339894
0.01894002282492272,0.761883386716051,4.367615638713102,3.3829445211440152,161594,72163,38478,0.4000604717723991,21.821069283310898,0,4.566975103544421
0.03316792571254352,0.6829215649770789,2.8952127120048763,2.306326248020053,188675,120794,59824,0.8384122895887787,21.315143767501123,2,2.6522751852230604
0.0304777878403918,0.699912402728774,4.862058166815379,3.5886038617109315,35678,21462,10706,0.31084079576490026,4.394497385645199,0,4.8446152133097575
0.02819714690268844,0.5874868844066234,5.569222754963123,4.09742987308106,69929,44866,28846,0.8438008300754936,15.87354025007053,2,4.712044354043218
0.028432905064727926,0.9716981660918886,7.610868079040914,5.4886709562377956,91925,44854,2601,0.7929847001866159,2.299044240746929,3,5.763104504049686
0.003907290049051914,0.6018642650215533,1.1857254271167381,0.8622776902966108,149931,88890,59692,0.6871703743261802,22.94435208142699,2,0.9916193438411024
0.022241883215470538,0.6645742700034192,6.775751319958618,5.112025764409136,121243,71199,40668,0.5251764087051822,14.697085159595545,2,5.8788296290705055
0.015828301990600768,0.6442882221755397,7.639173148735097,6.222418735959135,166047,72109,59064,0.6111771409816082,24.663448181559897,2,7.155781546353005
0.01701622539158969,0.5892324980225758,4.393448570052423,3.413132452353723,40367,24609,16581,0.5214025239783393,7.0145314723639896,2,3.925102320206781
0.022931841704157203,0.706634927931108,1.9259334778773127,1.6083197861441438,131678,79659,38629,0.7524211317514207,14.182218609066865,2,1.8495677540657653
0.028711850565683546,0.7440644692203928,1.4702277994099706,1.1185305102883865,126829,82302,32460,0.4135316994683318,2.252904059145051,0,1.5100161888893218
0.005654111422339448,0.9410091345055716,7.117230542937607,5.619850396683968,182900,109650,10789,0.39645420324289726,23.031474756274076,0,7.5867980355233575
0.015238197846330487,0.6877378788422538,4.632423936979863,3.275331696192729,106371,73139,33215,0.40140400637342977,4.0777500932849815,0,4.421697789860184
0.027213521468206273,0.5334423556235048,6.859552934921206,5.251529741211419,160834,78669,75038,0.6115225521632934,12.949159250579292,2,6.039259202393131
0.02356481962233004,0.9590465722691315,6.1280046804717525,4.487176623234206,119130,68919,4878,0.3282841974163377,13.416423685628436,0,6.057688441366179
0.021292656863174237,0.6637795065003108,6.396385426220753,4.5797463252753445,20048,10133,6740,0.5270364528337137,18.21328764284592,2,5.266708274066646
0.02134172598111726,0.7252439412529542,1.5315338725873546,1.0899387495966981,91123,55440,25036,0.44967982547647944,15.575305337989004,0,1.4714173119555425
0.013273112495960911,0.5448752159300507,7.421195028235699,5.347140181296861,185553,112661,84449,0.5867153670774632,3.994219872830223,2,6.14921120849139
0.03357780696213364,0.8716122828333839,5.472645697339833,4.453942126270116,190828,115962,24499,0.7670576083609256,7.7423642037612765,3,4.6766392325836215
0.01764044876386678,0.6083926264916051,7.913676055976529,6.660220207968414,164007,100318,64226,0.8088865745786162,6.153232937928671,2,7.659253239163675
0.020310137838789405,0.9485892658181405,1.237621850100592,0.9958066792875668,147194,99697,7567,0.8340820348409523,23.71812924960898,3,1.0455970132519452
0.01712328336635377,0.9224008989847636,6.911845789745493,5.169128042195673,71150,29249,5521,0.6279484331651292,7.29020325761717,3,5.427584444305457
0.00509927411642748,0.5377070687983125,5.8740214311469785,4.4112799249654735,156734,81712,72457,0.6148352676884061,20.491470526220645,2,5.072971913710294
0.01930565067294678,0.8242110357894653,6.164990368345675,4.796517965940416,84273,55872,14814,0.5296283462153407,12.624685563238515,3,5.036343864237438
0.03467160465362042,0.5001163865521835,2.2983103670370575,1.7411874852414972,149991,95939,74978,0.8488637607933356,10.066371755389333,2,2.0023656080277217
0.027084401823658316,0.6969461476685287,4.359129342127362,3.4616971610482166,90431,43543,27405,0.5190580611865996,4.109084707562893,2,3.9809517352054486
0.012436595770166353,0.7560344039009164,6.125902650292516,4.291206778420949,114996,58232,28055,0.45798144540974495,8.815086770487772,0,5.793129150868281
0.008942663535696938,0.5206256629218173,1.1251175431338967,0.9542778484594493,171472,74219,82199,0.5153965772971958,4.862063817827696,2,1.0974195257283665
0.033518133717020455,0.8910147678502578,2.8128785612126954,2.217344728767373,136878,90850,14917,0.8196026122602758,12.750234758747004,3,2.3282119652057416
0.021855987233164065,0.5818466335851169,7.938180382958835,5.832584031352496,193051,125743,80724,0.42681305769276046,21.104777908264367,0,7.873988442325871
0.0050915179091898626,0.5230032250024284,3.688634280438747,2.602367598843933,191626,124147,91404,0.7404233279214313,16.48489222891152,2,2.992722738670523
0.008355016783242821,0.7539475796714321,5.180918507012387,4.034664767844388,178946,92850,44030,0.7170311616372502,18.00847421523722,2,4.6398644830210465
0.006232460815555073,0.8997582312454027,2.5710840028566246,1.886076885353833,65504,37853,6566,0.6190474143107962,4.1041972601483625,3,1.9803807296215248
0.030833669329432937,0.630144020868466,1.9066044489796292,1.5887967707507846,108320,71020,40062,0.3194823026301998,9.568181403507033,0,2.1448756405135594
0.03267404260284566,0.8602542007164918,2.9697367240426873,2.1913609007246437,74669,35686,10434,0.6978810625287217,13.405141906811728,3,2.300928945760876
0.00375557134086003,0.6078897689554076,5.782811345617171,4.114005501633834,50648,21193,19859,0.7855984480256037,13.869817470203182,2,4.731106326878908
0.03182146646111572,0.7799462815405913,5.634784070745952,4.403960358840872,104616,69422,23021,0.7385843118838105,17.144392197143787,2,5.064554412667003
0.029919778789204227,0.9249741584703032,5.958540837005243,4.919085300629563,102624,69684,7699,0.3582087516057212,18.076786974910515,0,6.640765155849911
0.0074335323526902005,0.9320021950574715,7.7292070172943514,5.950102020824799,190374,123313,12945,0.37087842711039487,9.707733647960264,0,8.03263772811348
0.026279280713914666,0.578772349063671,6.725769168833436,5.547549777949515,97124,46387,40911,0.4062230755230112,3.934259162763647,0,7.489192200231845
0.012098741601111962,0.7743237130313264,1.8109069974618035,1.3699589382632575,173383,97440,39128,0.728914967333129,4.460554693020043,2,1.5754527790027462
0.026874948685068956,0.765220623551294,7.740944027012962,5.815622814163945,96357,60330,22622,0.7338438400289093,5.996329932074037,2,6.687966236288537
0.027209039690393656,0.9641759652456057,2.1646431085259064,1.7655860513098458,68888,39586,2467,0.4902356813241262,16.281056908651973,0,2.383541169268292
0.002555229149625437,0.9270530350146644,7.814422784241779,6.605779127093017,82475,49012,6016,0.6269177225756999,10.823081989329301,3,6.936068083447668
0.00323128891551644,0.902541344229646,3.6028347046710723,2.964476693005756,32082,19409,3126,0.5452464885072116,8.293413324478315,3,3.1127005276560435
0.03490223300536218,0.7088288380956267,4.159709170307728,3.013890545639176,46846,30345,13640,0.46410593704449593,21.318784787466853,0,4.068752236612888
0.027275974520571355,0.6127263046854026,1.9193458848656464,1.5934565931747813,180485,80373,69897,0.537784140573431,23.703166163854775,2,1.8324750821509983
0.01527072877548816,0.8128777143554019,3.78316078573956,2.803822580074561,133386,65837,24959,0.4764085072409701,18.66172147012469,0,3.7851604831006576
0.02635845840905279,0.5981759803388692,7.0768596944337165,5.712714354806951,31385,20692,12611,0.5602654486803564,24.2684488420386,2,6.569621508027993
0.00730786753390612,0.9256253522982493,6.436177969542192,5.249593107590066,90553,56895,6734,0.6444211768972785,5.018632186694914,3,5.512072762969569
0.0021058901027025652,0.9512154454296866,5.316552201645166,4.356811354356396,73760,29531,3598,0.6290799958173348,15.968048310041437,1,5.446014192945495
0.009416358490514757,0.773622209565767,2.578780997106148,1.8673567475007313,134749,77425,30504,0.4479463724393037,20.343859314655326,0,2.5209316091259875
0.011552306603401508,0.7230578730500826,1.0813437793567044,0.7686916442672529,166087,86143,45996,0.8360849185288795,18.603415442319506,2,0.8839953909073408
0.023337451157192768,0.8709590411294994,7.668540466271019,6.412224937856968,186002,101213,24001,0.3577115981299962,7.567035364838132,0,8.656503666106907
0.03454652817108298,0.5698228160217415,4.492217074159493,3.561085413540663,53787,27098,23137,0.7266926046861258,23.64846259734489,2,4.095248225571762
0.0034621532529756113,0.7617786809284581,7.1777344007372,5.113247732417153,117755,59741,28051,0.47715208622063443,24.48172688524007,0,6.902884438763157
0.007829209055318002,0.8396650310031136,6.750085096069065,4.766758381901642,161075,69482,25825,0.6500366372490002,18.248941709198725,1,5.958447977377053
0.0020739289240718295,0.958744000659408,1.3637989855603068,1.0653921988378814,69881,47558,2883,0.8210427544470713,16.382007184920802,1,1.3317402485473517
0.027636372682014902,0.8000064130817675,4.390789133018284,3.50878066225903,103511,58408,20701,0.7495137734793715,12.403320543920904,3,3.684219695371982
0.02288164163668185,0.7579373038586954,6.121126652287323,4.359738775396102,77715,36847,18811,0.3877495740622536,22.05102203162064,0,5.885647346784738
0.008453275570173507,0.9781739753513743,3.358270542397748,2.4425295644034586,115198,61066,2514,0.32401391173904864,5.718468515376461,0,3.2974149119446694
0.0017092787359122954,0.8200988794262918,3.3262023774857625,2.599000723419783,196387,90311,35330,0.6741255333372103,3.660563406521044,3,2.7289507595907723
0.002042185074997406,0.6262646153704947,4.238360697175214,3.5188602972267593,64321,40059,24039,0.5340213339464415,9.956504828580147,2,4.046689341810773
0.013615317941476492,0.9839482862306683,1.2807643398873774,1.063104491190089,9703,5592,155,0.316166945166079,11.09684890652735,0,1.4351910631066205
0.021610416261079835,0.7928845469753736,6.55069266223942,5.229099594005462,34426,19888,7130,0.8017998400891801,6.8452303471303315,2,6.013464533106281
0.022180863841158416,0.8094645078453351,6.131791156906967,4.413265645064585,24975,13026,4758,0.6310204610141047,16.54843226420504,3,4.633928927317815
0.013676853664423772,0.7511814505508445,3.891218222533879,2.764204369381302,140720,66725,35013,0.7789124456998813,12.242020865061306,2,3.178835024788497
0.01850379003360947,0.6760243510058852,5.150655960044492,3.731797453372085,130818,64577,42381,0.5194752703754111,21.733683840222234,2,4.291567071377897
0.0013070337404047087,0.7883221903368967,5.190997860700753,3.942557510054347,126750,67955,26830,0.4298277548405552,3.6904251885902912,0,5.322452638573369
0.006771768772976385,0.7546892347924486,3.359022235019004,2.7689512129488647,178312,95366,43741,0.6233364041107128,23.817417161582977,2,3.1842938948911943
0.009585944590564256,0.6760328664789603,3.6555101294569665,2.8908897209764133,187958,112613,60892,0.5610469816623976,21.415920326291534,2,3.324523179122875
0.02839278520030181,0.7868236385544085,7.07789896359281,5.173067767592556,186180,76381,39689,0.8426811391964388,4.828328596181414,2,5.949027932731439
0.008858451022539984,0.5253314502483483,5.480020767858396,4.020719604956754,81260,55270,38571,0.4738858577372128,13.666400599833025,0,5.427971466691618
0.0024134772077133316,0.5726881684714236,7.906410860711929,6.679081344005063,131945,65568,56381,0.8352037614386905,15.342581282995765,2,7.680943545605822
0.009643635716514772,0.7556477228517444,3.398574416846407,2.650333222170449,44062,18021,10766,0.469361467875155,18.207657542942876,0,3.5779498499301066
0.007863017372180245,0.8299818923292095,7.789384322750893,5.5622833404454015,159268,84909,27078,0.777478239907628,6.074445157289876,3,5.840397507467672
0.024549282375689596,0.910676491927574,7.6122995363181625,6.108772972763649,191481,90617,17103,0.7569824552379381,21.886003226965844,3,6.414211621401832
0.027129658393808903,0.5554238113475207,6.568572601874822,5.503161092404713,106376,49433,47292,0.6623870086279615,11.058881330045645,2,6.328635256265419
0.023141921219410732,0.5522305848509155,5.604917132221252,4.763686659617239,10704,7063,4792,0.8463353155472457,19.305838540158167,2,5.478239658559825
0.004076377639759725,0.6414559418100126,1.7637674223602482,1.4067398834883105,34165,23153,12249,0.5409947905265933,22.73163994053422,2,1.617750866011557
0.03084829940740514,0.6554259012150453,7.082304378783997,5.3567068503222375,120142,48264,41397,0.47852220644514865,10.428615302042152,0,7.231554247935021
0.014469871514714683,0.8407789312780325,3.7199067088924203,2.8542994587793133,144999,74235,23086,0.4249982949947333,3.6835062466742037,0,3.853304269352073
0.02151725217496685,0.827424271291958,5.336432422067301,4.106513391862979,112522,63317,19418,0.8233132078162952,21.484849311569207,3,4.311839061456128
0.03208404154234998,0.8987454812765974,1.76242839292712,1.2730879966405009,58551,33611,5928,0.5934814006997832,15.981817134249226,3,1.336742396472526
0.027006030892432364,0.8983630119708859,6.0268615335854605,5.082624424646853,194420,125734,19760,0.5369741503459183,22.624428666322814,3,5.336755645879196
0.003423529181875573,0.9677834147163207,5.582851570019438,4.226281034355273,50379,34274,1623,0.49339247798179897,4.3326790543319795,0,5.705479396379618
0.017519639812335074,0.625820518183049,2.9941103137334597,2.23388622760731,149539,84003,55954,0.471219234535802,16.03767701615112,0,3.0157464072698685
0.025349122923588582,0.6335857603594315,3.8948437106774607,2.797599690082091,119014,78290,43608,0.7398796024832119,6.245457979351759,2,3.217239643594404
0.011039461833490544,0.8887695564924403,2.2965991258318676,1.923775822736458,124891,68073,13891,0.743295902376337,14.65521046959402,3,2.019964613873281
0.0024760261170638518,0.810244174041071,7.659823395446599,6.053112421052731,159741,88584,30311,0.626446213017731,20.256108558751876,1,7.566390526315914
0.022984601056377247,0.5856389869854148,3.525407633774199,2.9468306560699764,124503,70592,51589,0.44060474879509975,8.947391542200286,0,3.9782213856944684
0.025886574297911576,0.9170753878178577,5.699972686714301,4.682125693343502,86571,38516,7178,0.5331696471023161,5.5186274190569415,3,4.916231978010677
0.008998009883267485,0.9259372160790158,4.310243759432275,3.363299219231918,177693,72337,13160,0.6530843252437963,15.963162830041957,1,4.204124024039897
0.01958771203227838,0.613654077096828,3.736341971338603,2.9486144122555697,12421,5496,4798,0.45099713970006894,15.732079088600909,0,3.9806294565450195
0.023978602332970785,0.7169313137219683,4.120536402040603,3.3321851904403994,60754,42368,17197,0.3706168591997689,4.394521935835826,0,4.498450007094539
0.025627519782377203,0.7834095893331405,2.919124665918641,2.0781625219881654,116335,69054,25197,0.6276629005039263,11.227322022896601,2,2.38988690028639
0.013476506692963224,0.6683446326400949,5.320090483769528,4.077112472588053,69315,29131,22988,0.7401960793022988,7.37537788393996,2,4.68867934347626
0.019360405096553363,0.9312387529051145,5.556141583330359,4.333477446333888,50113,25051,3445,0.6682178253590045,24.865205308086853,3,4.550151318650583
0.023502532454878877,0.7733138745113122,6.114553571674723,4.706866195895186,102543,58874,23245,0.34882206675927263,24.118311926960704,0,6.354269364458502
0.02258864155009513,0.8698705317710154,2.1933455672174227,1.6700608621165964,93733,50157,12197,0.7158898308923853,9.994145057496588,3,1.7535639052224263
0.023606998632565414,0.8897704807869673,7.490244736356169,5.506800308231137,107747,74587,11876,0.3110144957592034,18.955145175166592,0,7.434180416112035
0.02713239336280929,0.6193917908712947,5.700909105291261,4.0701034645047915,126237,53870,48046,0.7153987312732444,4.937410123610401,2,4.6806189841805095
0.02908629942858597,0.8831937629584891,5.961212884200835,4.205182977882856,124264,58181,14514,0.4879209760433065,10.760919086752706,0,5.676997020141856
0.012774940132026121,0.6171371127766602,4.5680697272618875,3.763143482185592,178757,95484,68439,0.6303268833483395,13.86062683701945,2,4.32761500451343
0.03225932708929019,0.7435121066238568,7.945106103763189,6.576273516935763,66929,36834,17166,0.5184483275860661,14.413850231478685,2,7.562714544476127
0.022350301794269622,0.8304088651404338,4.727368347915983,3.8207220205278825,188362,119988,31944,0.4675735265039224,3.8611435101788,0,5.1579747277126415
0.01470132607801549,0.5850270123433893,5.864657622317232,4.409723795520322,109211,62459,45319,0.8130019072619401,15.228757061422373,2,5.0711823648483705
0.01729805096468696,0.653726568685107,5.244596611033629,3.7807232509492907,36055,22694,12484,0.3961612449932269,13.559019758659176,0,5.103976388781543
0.014554542944258647,0.571723256159502,3.57274095604072,2.5374529694999186,22347,9844,9570,0.8297133113740456,14.63917932558539,2,2.9180709149249062
0.03383795347920948,0.7119239603817646,3.182712931596817,2.469534689930394,188260,81271,54233,0.6524544730796135,6.968878197720791,2,2.839964893419953
0.022065990466526207,0.8185985352750951,2.0641739719005368,1.4639172258505222,47913,25774,8691,0.3319900875280117,24.881925294904644,0,1.976288254898205
0.0029645390738764657,0.840567262140691,7.885752476843895,5.802943998675604,165866,70059,26444,0.7304828224092821,8.103910411328474,3,6.093091198609385
0.007044057186942439,0.8388928472289665,5.326361720010302,4.234342751833075,59823,38537,9637,0.638370691027056,9.04383327809207,3,4.4460598894247285
0.02221245843391571,0.7582503173167092,3.9825836872326006,2.865893333186452,37371,19486,9034,0.6597416874545989,10.147433530229815,2,3.2957773331644193
0.018867157146933763,0.7360010748020825,2.2382100160069807,1.6967015449599026,74252,29946,19602,0.5288846989988688,13.070915487612444,2,1.9512067767038879
0.0016525374119839274,0.6273084722850668,6.322028761854945,4.555441858770691,141614,82941,52778,0.47792521720131054,21.188977416959652,0,6.149846509340433
0.022396159404365033,0.597439576109895,1.452316758908603,1.0259092698860643,46424,20097,18688,0.6013777189355312,12.4506786948791,2,1.1797956603689739
0.029708140813146947,0.5480604645842798,4.417687959152447,3.19181179830254,133563,63181,60362,0.6584408563510327,20.645776343684123,2,3.670583568047921
0.02187876458028103,0.9211869635070034,3.7467560506993216,3.160138927283561,122360,84012,9643,0.7327968624404123,9.254358602204292,3,3.318145873647739
0.024396580006942437,0.7144255307871421,2.7826943543223583,2.2988693375424467,156353,74411,44650,0.7296437330828056,20.978040506360188,2,2.6436997381738134
0.017845371517673382,0.6893109658256746,4.150871026938317,3.046924894953687,12099,6475,3759,0.7853526922508549,4.430950037844304,2,3.5039636291967398
0.03460135921400447,0.717203812847373,1.3348157427587384,0.9419838441705376,68530,40961,19380,0.7411718069701732,4.423453280914537,2,1.083281420796118
0.002209409479208644,0.7492038518293135,3.7131666203793867,2.8565095261105364,53355,26939,13381,0.72605944214965,17.21152405461953,2,3.2849859550271168
0.00729664930749391,0.5853135743137013,1.6887695479937812,1.3494035524190109,131303,55227,54449,0.5333632872366885,3.9002062595631797,2,1.5518140852818625
0.018498357943499397,0.9404614037630553,6.477394471947566,4.755549912743632,171216,88104,10193,0.4131279942075553,4.791887617666347,0,6.419992382203904
0.021910440913321467,0.8795705525125161,5.507329774787915,4.2932131515630365,91205,60992,10983,0.4772185268945456,4.880372119955024,0,5.795837754610099
0.017127427736811276,0.5558387510100155,4.40210852084278,3.6891631740629776,74519,47955,33098,0.6610632340323265,4.946202166422601,2,4.242537650172424
0.012501095203812946,0.9547609837597644,2.5723092829069634,1.9442158015662383,43714,24699,1977,0.5137590392464159,5.764727433701934,3,2.04142659164455
0.010308904455479623,0.9548755910958027,5.731875929104488,4.438805850305173,89080,52890,4019,0.4572487340815381,20.766779596278198,0,5.992387897911985
0.03028657987635683,0.9147920259582363,7.432485735476881,5.483956682484914,164116,76530,13983,0.8381185033403278,19.208413837516943,3,5.75815451660916
0.01996564966737638,0.5884913531058974,1.3770074489861828,1.0300139303157274,63005,43813,25927,0.8155634365734155,2.9929959233312684,2,1.1845160198630864
0.006603703734800862,0.5645470989927354,6.081859369897068,5.003349864571171,49638,27128,21615,0.38287185924043254,9.87482362877157,0,6.754522317171081
0.01505615927603889,0.8715106554275033,6.203966502536265,4.912245311274073,154109,87766,19801,0.6788869161275499,22.086427064798578,3,5.157857576837777
0.022633906035294436,0.8729495531511474,2.120501444682011,1.6311610049740495,158728,98810,20166,0.7847979288212619,8.39174823672396,3,1.712719055222752
0.007594431487104346,0.93111007811155,5.602922189446161,4.183362122804324,170268,105552,11729,0.6387919976430985,6.324568896154571,3,4.3925302289445405
0.01308307533531514,0.8840579743978446,4.879585598924116,3.419537671286671,24033,15669,2786,0.7579742581408737,2.2537271280367133,3,3.590514554851005
0.026484546471942202,0.8717514311543924,5.748651759985993,4.676181555480631,10110,5470,1296,0.5761276174186459,4.868423308961981,3,4.909990633254663
0.014102780023610303,0.8152489381567742,6.462798433030922,4.734525695551467,28705,14853,5303,0.5269420124667431,17.99921736942656,3,4.971251980329041
0.0011094209625454753,0.803598775355322,3.488451073089502,2.857493531043406,151451,78860,29745,0.7808443588356309,13.73252338747298,1,3.5718669138042576
0.025595762030817735,0.5510273053809408,2.578071288245857,2.0764856471392807,41727,24245,18734,0.6720573654744992,20.514746992657706,2,2.3879584942101726
0.01017390448435929,0.9042742109882305,4.487789775844176,3.1933260466774027,83229,50655,7967,0.710258864847521,24.585291380261342,3,3.352992349011273
0.00813462782511792,0.9043140271563964,4.642076038430578,3.509499492223046,10469,5218,1001,0.5387106513956315,4.037809882631196,3,3.6849744668341984
0.008500806392181183,0.793130394091232,6.149641799674329,5.22567119777147,38787,18999,8023,0.39541404084627646,16.663725082815283,0,7.0546561169914845
0.017869657059849463,0.5873437087832744,5.801378897349046,4.923450223070278,121859,62775,50285,0.6145297491749526,15.51869529983056,2,5.661967756530819
0.007272192606543738,0.6774953664096213,3.341579021193525,2.3522360705837277,98808,56888,31866,0.6225635007037889,18.04642443296173,2,2.7050714811712866
0.03260697537777327,0.8834651505271556,1.39295272391347,1.1532383794459107,75553,50002,8804,0.7630634617354948,6.280332610464378,3,1.2109002984182062
0.028289872533054157,0.7245115745015673,4.380782104597486,3.15425947439053,155787,64644,42917,0.7971523316432061,22.915974416193112,2,3.6273983955491094
0.02752724415662348,0.5034443098686734,1.4009617575433635,1.0280026993459273,12531,5521,6222,0.7132562973159752,17.10996859414421,2,1.1822031042478163
0.03352489711683757,0.5337894280146463,1.3993830480587803,1.0388013049471903,108302,51345,50491,0.7984400192865702,7.73956259653864,2,1.1946215006892686
0.010246290688373454,0.8721051485848021,4.14817889715378,3.3870153792413524,46800,25565,5985,0.3184874801008054,3.441023679473154,0,4.5724707619758265
0.031818873413709974,0.5682302318476217,4.72694477592652,3.6003452748165303,129302,52567,55828,0.6650843273965741,24.15807198691166,2,4.14039706603901
0.02004571823770263,0.959043006396215,1.3658051550021664,1.04186211961231,116487,68416,4770,0.5719646222123012,24.529669328780408,3,1.0939552255929255
0.00592881246091378,0.8553263065000463,2.338334910253523,1.755480301384875,193786,134022,28035,0.6346899999830566,10.038646557996833,3,1.8432543164541189
0.0048792566861897355,0.5741109460801179,2.5772185096586457,1.9010723454980691,134350,81298,57218,0.5998080405433848,24.551886906025437,2,2.1862331973227795
0.008731922859286884,0.6979491594000087,4.797820623767961,3.928239616503324,50232,28283,15172,0.344948940160728,12.540914755159099,0,5.303123482279488
0.0174796737624216,0.5812295246800051,7.619887029001976,6.3054283665188775,73673,31625,30852,0.7740927996223498,12.583732083234112,2,7.251242621496709
0.0264756462316564,0.6423879043051139,6.508790944423664,4.665438793319575,75202,40441,26893,0.3285761176548476,20.084398585832762,0,6.298342370981427
0.00784636859262313,0.626724209095139,2.1529444740260715,1.6137013366915376,166645,104358,62204,0.3098701232126705,4.903837004230109,0,2.1784968045335757
0.02342739845742124,0.579193707530077,2.7884534125892326,2.3478657638936204,11823,8222,4975,0.7246068619704947,2.624850688187876,2,2.7000456284776635
0.00321695610285673,0.7273263746380431,7.364541441030921,5.750272766028739,46971,30038,12807,0.5045629673542756,12.389026842328702,2,6.6128136809330496
0.014510967276500763,0.5457699062678949,4.0875051077554865,2.9811866608329094,76947,42859,34951,0.45792587694651654,20.235651637778304,0,4.024601992124428
0.020638174439959356,0.8109453845996488,6.585399117311258,5.000922922290778,42991,23905,8127,0.5461816171761193,14.829864414371633,3,5.250969068405317
0.006645166656150646,0.8006018379331964,3.541705156438073,2.9558290330186807,137970,95896,27510,0.3773913404268171,6.646360373257269,0,3.9903691945752193
0.0072636445340928885,0.9380549579038565,5.580047866274733,4.033345883549167,72843,46588,4512,0.8322657324068639,21.708100529727165,1,5.041682354436459
0.004999895597417057,0.8624678627219149,3.237667827083813,2.746391876262873,36852,25620,5068,0.6673559993419949,16.597439284840654,1,3.432989845328591
0.00664246644005669,0.9321446015692756,3.992427815444306,2.891855245087049,152226,92257,10329,0.35116676755301496,2.6753756593550233,0,3.9040045808675163
0.028980587171530528,0.6027789443650039,3.653189883533682,3.090666621840386,102756,50242,40816,0.8050143997925263,4.547214242336036,2,3.5542666151164437
0.026825801943897484,0.9841521276598593,7.309072075422542,5.8308136208556585,154960,78617,2455,0.5718168459876649,21.04973280605602,3,6.122354301898442
0.012397073610609672,0.5851431806365145,5.9840981423154656,4.930278902859748,100648,47502,41754,0.37808459436854663,10.002652466389833,0,6.65587651886066
0.01631193328278403,0.8669249051120201,5.558033094171719,4.408294394994467,86557,53788,11518,0.743407734552085,21.405958507354658,3,4.628709114744191
0.009635145735448842,0.5152466439595053,6.175063146153413,4.421046086031388,173418,105073,84064,0.33830263148932316,6.022273055047066,0,5.968412216142374
0.03009506680279674,0.6113179829415223,6.859287876700581,5.088846776858561,92960,43194,36131,0.49820780096169115,3.57562435242053,0,6.869943148759058
0.02694727990280224,0.700070107952131,6.3147411314259,5.2762262352045,160024,100786,47995,0.7336460387893142,17.29465277994789,2,6.0676601704851745
0.009849753157244102,0.9445255650458566,5.695126183340839,4.465355345094301,123362,63769,6843,0.5087265968560952,7.214798807240745,3,4.688623112349017
0.013974805955484806,0.5631358688801249,3.8893279048621823,3.190622395701443,27010,14227,11799,0.3231135713442729,19.0177947776394,0,4.307340234196948
0.032214602774771124,0.6372182914797399,7.008391737593846,5.213071191107211,20282,13138,7357,0.684623456319412,21.30760091851764,2,5.9950318697732925
0.03438115557086134,0.8044588036542295,4.914293647805286,3.9031075367975347,99840,48368,19522,0.7800146117613704,4.5893489794745514,3,4.098262913637412
0.024925323233667057,0.764942253556006,1.6757412913680856,1.2338216253787253,64711,36895,15210,0.4561056458629361,20.96430058600174,0,1.6656591942612793
0.003524189681605139,0.6109122322273282,6.111723029631022,4.82716868904288,168834,113265,65691,0.7687451309151498,17.35950771420735,2,5.5512439923993115
0.02116953338365107,0.9372282240884295,2.297311256701001,1.6353303914756863,40292,26248,2529,0.45690968609652405,11.871199648116209,0,2.2076960284921765
0.010104406966603363,0.8866888148284784,5.013445419446526,4.004859323129109,63643,29661,7211,0.5686060459406164,18.964012229135015,3,4.2051022892855645
0.01885815175568545,0.5159963819973776,7.079860544242021,5.024598508738519,64871,37075,31397,0.5845954934652727,11.899830437382775,2,5.778288285049296
0.011776183984898058,0.7129520208207688,6.417157590111095,5.071405940178435,31649,14224,9084,0.3938200513563995,23.80649136394317,0,6.846398019240888
0.016138367817682797,0.8865131093136263,5.477238928243773,4.389809570354166,179427,77381,20362,0.511481230204647,13.216342578289082,3,4.609300048871875
0.023175624824546066,0.9657602157672397,5.204557465838491,4.223701816285263,178824,85958,6122,0.5238345502988452,22.504040359340657,3,4.434886907099526
0.0010993151091263083,0.5194853228443991,5.228501739498535,4.3715870330871125,117082,56555,56259,0.8343429799955779,9.620981163370168,2,5.027325088050179
0.01738939597581081,0.5960878792418125,5.275460497530378,3.9149323306374133,101055,58335,40817,0.5953541185932472,21.645127945961598,2,4.502172180233025
0.0026828930187846652,0.9083253650217762,6.907472288282068,5.1304297413126045,101038,64742,9262,0.6146267538531155,13.791357696997578,1,6.4130371766407555
0.010978619989076135,0.9565593225220801,3.779105288660342,2.6947436124025335,9648,6227,419,0.5923797055324369,22.23684157930668,3,2.82948079302266
0.02054250484499012,0.5145374293017225,5.727941452829624,4.048096808719163,157458,69194,76439,0.4511023390357357,11.075249738745867,0,5.464930691770871
0.015342158070320269,0.7014003268801174,7.353277017895884,5.9348658877149525,158504,102573,47329,0.8252832813167439,20.887560498655212,2,6.825095770872195
0.0010532135765100787,0.8118366713898695,1.357947670094705,1.003035937764056,71262,29371,13408,0.7793787500085269,7.903967251131054,3,1.053187734652259
0.023619931467253878,0.8921738907214692,5.638651591415488,4.02511038244394,39542,20786,4263,0.71314792629463,3.633176284264876,3,4.226365901566138
0.0037261204787847175,0.6738379329996322,7.592079981332475,6.075834538020458,91120,54119,29719,0.7884214853980649,15.76992525333924,2,6.987209718723526
0.018073222738707557,0.5680469499342933,1.8101632467509376,1.309016356574132,153226,94569,66186,0.36630712902202966,22.75642606757436,0,1.7671720813750782
0.0032590907080963464,0.7616440615484042,1.9949598665542037,1.3999750393751713,164741,92213,39266,0.5468691894210895,3.941024752524474,2,1.609971295281447
0.014578537445419492,0.9459659720232458,6.6561584093458706,4.875021703053088,55583,33110,3003,0.7650823996444488,17.92733501339218,3,5.118772788205742
0.015617656631265037,0.8297536449732719,2.92766821978793,2.183885398201304,197121,113755,33559,0.4244535095178275,10.83751126315977,0,2.9482452875717606
0.016304194280185695,0.7838405133720581,6.315457180268291,4.514484840957952,20434,11742,4417,0.5041448328906952,15.824705836405357,2,5.191657567101644
0.024989919329890038,0.8373184590611471,3.6218702091408495,2.6259610454421867,73803,30512,12006,0.7190487510728285,23.772821981851564,3,2.757259097714296
0.01255214012313801,0.7534472970400226,3.6523719464117006,2.5603366886825936,49014,20660,12084,0.5252958921923776,9.158002386458051,2,2.9443871919849824
0.02402210175099032,0.7968318322318182,3.55215609738278,2.6026075229436216,100040,43175,20324,0.39204785322624536,24.356580899421594,0,3.5135201559738896
0.008768549389662206,0.9789515378152802,4.723388945669844,3.402579934545617,12597,5155,265,0.5133927179707782,5.680573538653463,3,3.5727089312728983
0.0017939712751583211,0.8705446708355866,4.209661062173234,3.1294061116228327,138241,60112,17896,0.8257553559254256,9.221234499679115,3,3.2858764172039745
0.031205724858495165,0.7954420094749362,6.7869515181904125,5.75263350752888,66516,38716,13606,0.38337136107843395,2.7115658288208655,0,7.766055235163988
0.03400523322502644,0.8790340568519364,7.860762946896369,6.066007442427496,138004,77628,16693,0.7190459969326786,21.17394912456447,3,6.369307814548871
0.015975005910622418,0.6481432921822319,2.8153442812196614,2.0529309627021766,135544,74851,47692,0.6725630268352942,7.405855940487978,2,2.3608706071075027
0.029243409357682618,0.7669655521971415,2.1566943530982225,1.6982839301467667,86532,46139,20164,0.6444288767815851,13.244650131226383,2,1.9530265196687815
0.014660479222247027,0.9869857105608522,7.162203335042489,5.683286369421977,182912,116653,2380,0.553795031538022,18.808814660371603,3,5.967450687893076
0.006031461010438382,0.9177533131317612,5.976193016776234,4.996344903859487,175047,101160,14397,0.6295163217721789,10.129597032575996,3,5.246162149052462
0.016587858435354767,0.5186109660120282,6.221020270389084,4.867316131174489,12684,8095,6105,0.4516721625382463,22.173083363418346,0,6.5708767770855605
0.03309743119006353,0.5729100250085066,4.238729235457755,3.5908314467354123,43635,27332,18636,0.570562105058151,8.956292000655738,2,4.129456163745724
0.017708218035970932,0.7559976312486776,4.938981893156374,3.7841667150956924,187170,103576,45669,0.5707790140006501,15.277417672362018,2,4.351791722360046
0.03042962295123478,0.9805622783558804,3.8530894600167187,3.1754382875215317,11142,6433,216,0.7436241382794524,12.959117826900732,3,3.3342102018976085
0.034868180287741,0.5291410687449676,1.0221749400649123,0.8136816586576561,151144,100953,71167,0.3343516764904893,22.319689548679396,0,1.0984702391878358
0.016242847882560356,0.7501119196120738,5.386147577652472,4.518748319339526,56919,35789,14223,0.8110915689039762,2.7026375131477396,2,5.1965605672404545
0.030649643507198263,0.7583408286115021,5.427808769760795,4.324175352133714,153683,98561,37138,0.4533179298280042,6.846214168945673,0,5.837636725380514
0.033553232647295275,0.5043430097055998,7.984745989773847,6.3999591156184605,173048,73881,85772,0.30127465134764764,3.015724532090119,0,8.639944806084923
0.012620601761049899,0.8101241020324328,1.4832067862149474,1.0395052865344165,83471,52643,15849,0.6621972836185301,19.620666454298483,3,1.0914805508611374
0.029761328949042896,0.8006660159763546,1.6202329977877534,1.2526736986306946,59189,28653,11798,0.6780735002749307,2.563464310156004,3,1.3153073835622293
0.011408669589906169,0.7690738647758146,5.424628806543696,4.266774876228667,15207,6412,3511,0.8253133640104358,14.019261784745138,2,4.906791107662967
0.011185233050431714,0.5376624168853201,4.504369876492925,3.689877696296473,116041,71136,53650,0.6667699315578473,6.855586836821132,2,4.243359350740944
0.030355626073138065,0.6966399518676589,3.0476056374951925,2.2029600235880515,194466,79071,58993,0.6207916208508636,21.371307165910803,2,2.533404027126259
0.019665335281015824,0.6074442413426991,1.235684247497109,0.9047608526274601,197274,117248,77441,0.3676063731559632,22.439158846104167,0,1.2214271510470711
0.018104854326514437,0.7201813735994246,5.101053519174634,4.048795851723054,30235,18285,8460,0.43306242417354124,18.420910547651566,0,5.465874399826124
0.02896618300906269,0.8939396687007349,4.867506771855224,3.787044311299324,192450,121744,20411,0.4492751592456929,13.42399472481277,0,5.112509820254088
0.010665319159535568,0.5655758978698496,5.406903878242156,3.8288979282390208,184760,91507,80264,0.3000740811524669,13.755970202456286,0,5.169012203122678
0.0025929648899385063,0.6353230833322407,5.9488354121900135,4.220124324695152,194233,104903,70832,0.48720391046816947,23.630315631931968,0,5.697167838338455
0.003812325691828019,0.9561348123097961,6.7870026195171285,4.883177044388609,189456,123679,8310,0.4723413546718287,20.145446850848167,0,6.592289009924623
0.03132365292356498,0.7125705355924995,7.369602006980744,5.575823988050103,125779,75787,36152,0.3638124747414931,2.9727102321216674,0,7.527362383867639
0.02019738773390695,0.955783773064828,6.909740916840729,5.537308565883394,76854,34590,3398,0.6921753278488754,17.326864512298748,3,5.814173994177564
0.03384561517437503,0.8729085172228837,7.655408954119366,6.165521494795717,80357,38626,10212,0.5614736343175406,16.589814013357696,3,6.4737975695355034
0.03498185243933145,0.5513559518488104,4.4899955965399645,3.40237506395315,161671,85656,72532,0.5517347828376117,6.804302652118766,2,3.9127313235461223
0.013536043809403039,0.6812084954337165,1.3664851413123067,1.1138700628169236,7257,4104,2313,0.5286886253780976,18.5520377820422,2,1.280950572239462
0.013619494902715225,0.9261839565740383,6.113474526711531,4.87339886448438,163819,98839,12092,0.6342636672389974,8.791933984152154,3,5.117068807708599
0.005644430724139869,0.8193034826338654,6.170182206926315,4.6112492779246255,63283,32814,11435,0.6922637858054398,6.581951322563222,3,4.841811741820857
0.03126731008962993,0.6408307022681341,3.5745019142930703,2.5332988090925834,9213,5846,3309,0.5990931503264305,4.296936886132098,2,2.9132936304564705
0.024393511090424473,0.6185255529415316,7.377480919371685,6.0918796478729815,144088,63011,54965,0.5275034712052494,13.335885442291273,2,7.005661595053928
0.01474585140666555,0.7601594624219259,5.16592172433977,3.6238350595107516,197682,131121,47412,0.32291125011047533,11.14589433061683,0,4.892177330339515
0.026918507088745918,0.7229102558587177,2.8707684085551675,2.1041894237035765,7745,5089,2146,0.6164454717883558,3.756853734803488,2,2.419817837259113
0.014007731001401607,0.6801894888945038,2.272174334966241,1.7389544218683688,35431,17290,11331,0.7252280306552694,13.913092137389317,2,1.999797585148624
0.012835250167721794,0.6821522545041019,1.009475380008277,0.7520289537293836,157035,88648,49913,0.7835903131655115,17.538342114855975,2,0.8648332967887911
0.019596750546627198,0.906583928940946,5.2430259545343585,3.8990896953217122,16308,8470,1523,0.46660365085825595,3.5109817559504126,0,5.263771088684312
0.008760002358785771,0.6208357811392321,4.388539487971411,3.56400603559193,54067,22565,20500,0.8267843905435122,23.68265933916458,2,4.098606940930719
0.02769644446704589,0.9857506717664681,4.81137632960184,4.0627995584160015,191907,121492,2734,0.41273966523974903,18.689425606311566,0,5.4847794038616025
0.022070975428725034,0.939076804779341,6.930361073235072,5.178865167116981,111956,72025,6820,0.6497750889400506,10.927811240920898,3,5.43780842547283
0.023920430048226145,0.6273534398289881,3.4163454594594738,2.8616091107669797,169055,104390,62997,0.5963471549717905,3.3944652995287683,2,3.290850477382026
0.024459991068504078,0.8381473135365433,7.514247633925759,5.820512674540086,118000,63047,19098,0.3738511679962515,24.03248478430572,0,7.857692110629117
0.019008430614151077,0.6185277141153157,4.504224998082953,3.6121319324447057,32076,18805,12236,0.8107631578581855,19.4996499238334,2,4.153951722311411
0.019593227793154293,0.5883508883571613,4.21018560459688,3.30133776196311,43405,23163,17867,0.4150520059743603,3.149517659172611,0,4.456805978650199
0.02968408857776201,0.9807843392904168,6.552000117977176,5.42549991874444,150051,89690,2883,0.35989132268957147,16.64038887532715,0,7.324424890304995
0.017940024016975285,0.6992702942993058,7.671140148252294,5.971069413788551,10451,4994,3142,0.5403477371160915,15.651901513712078,2,6.866729825856833
0.0034847731089185097,0.8049481996624506,7.8682448573360615,5.732143430797902,30372,20421,5924,0.8190358760511214,24.083118901325285,1,7.165179288497377
0.01872962771653005,0.9788808749158369,6.301171449941072,4.563627930701847,144271,91168,3046,0.47049996544448414,7.336916064725437,0,6.160897706447494
0.01657997811335635,0.8828609319010591,7.721174493101218,6.289181229670636,191460,105239,22427,0.3066567142268591,2.20788478882372,0,8.49039466005536
0.013138997694980416,0.9538350935315731,2.6007374572252613,2.067988231130511,133727,85909,6173,0.3978384682269629,13.837723193793096,0,2.79178411202619
0.02848136494490188,0.6243723282967805,2.720652075143071,2.068823722070661,88596,35450,33279,0.7957607031530642,5.537561566756979,2,2.37914728038126
0.034662936786294396,0.9678750265888494,4.462726327138983,3.467127951252884,189646,97007,6092,0.515852002426214,19.348094386981522,3,3.6404843488155283
0.032226498692943896,0.9659550113062487,5.039858102268245,3.7978766668165815,58521,40832,1992,0.5124777451920562,15.198348844403807,3,3.987770500157411
0.015130532460849406,0.9151631171837111,7.315654824235667,6.083722999514913,35099,15111,2977,0.5782768492542124,7.079614008149205,3,6.3879091494906595
0.002323618753072693,0.517649220962799,2.2265524047407914,1.8480731258960585,39540,18483,19072,0.5372593568257411,18.540677629725085,2,2.125284094780467
0.020153037829123588,0.7094758973507748,3.2843690165239106,2.712721135212,71668,36257,20821,0.7917518663932879,23.768499802459324,2,3.1196293054938
0.031346979734540134,0.7055295170390836,6.462558521048171,4.985543097552431,186646,105147,54961,0.41245348733009146,7.872108759590428,0,6.730483181695782
0.011053618917414545,0.7909632155967116,1.229667368900259,0.9780852585942047,157026,66061,32824,0.8174314862767094,13.659170073122196,2,1.1247980473833352
0.014920010441778625,0.89733050469388,6.850781495373612,5.136912274151142,67433,42629,6923,0.49393143326087197,20.970120694389095,0,6.934831570104043
0.018532419799119418,0.7270138901036705,1.3178229702808477,0.9798071492129773,179956,74010,49125,0.3703267406723296,19.6075752618648,0,1.3227396514375194
0.0010003955816824488,0.7041172559563231,4.657571267599119,3.298469443042154,117230,57590,34686,0.46716838174026504,7.299583228699047,0,4.452933748106908
0.0010501099509345883,0.8573789491031182,7.767918498594997,5.698886973705129,100742,59658,14367,0.5287691475200202,19.45858560294264,1,7.123608717131411
0.021727454396334667,0.9390599918320373,6.726187243970851,4.963401818636513,70458,32022,4293,0.5040175544867709,22.74462452523045,3,5.211571909568339
0.028427579669621138,0.9825806173536131,6.279737817774565,4.766190888491574,7708,3429,134,0.5093793246384761,11.532803457404896,3,5.004500432916153
0.026630209819353434,0.5101289707570332,2.883137527588173,2.242041467381264,57874,34060,28350,0.5650271136010392,10.319335861770355,2,2.578347687488453
0.033273093313597416,0.8097581546013641,1.9095896058755886,1.4971445166791806,138872,76956,26419,0.5798898055750807,10.493457714957444,3,1.5720017425131396
0.032719445327368854,0.9054780967378784,5.880465673367457,4.7464119605089765,155528,67904,14700,0.3688188914279608,21.560847139499266,0,6.407656146687119
0.012716538871217029,0.5151203731109555,1.363267096628876,0.9833594114558806,67021,33556,32497,0.8381890076140273,21.700356146202317,2,1.1308633231742626
0.024839775294068833,0.8562578131915412,4.934509560817998,4.15517088534387,189384,93479,27222,0.5653752311294484,13.653470926603152,3,4.362929429611064
0.014166067220055263,0.9442203832293597,1.1124330548670431,0.9092201135514014,23919,15290,1334,0.6387515536221966,21.395396091537254,3,0.9546811192289716
0.004315487071790514,0.7739005107088892,4.50761516183538,3.632817678091329,108591,45119,24552,0.5776375790674905,18.52444078841865,2,4.177740329805028
0.030329776019072087,0.5878352498348172,6.60002437234577,5.167199086218592,40531,18969,16705,0.7836375610970905,20.602169644961386,2,5.9422789491513806
0.024023182023560907,0.8062643011817507,3.21584765687509,2.644911266294165,132815,63105,25731,0.6436807547838495,15.15015761230622,3,2.7771568296088733
0.02931623281080122,0.9439826596358176,1.0850974003417075,0.8692747695315788,77827,35494,4359,0.3108876120909899,10.985688552676601,0,1.1735209388676315
0.007508541136984446,0.7017111756237842,7.544961022871358,5.768734080936543,159692,67151,47634,0.731067913366259,8.572441465632238,2,6.634044193077024
0.015714073906374932,0.8358675027787317,3.3271931000409842,2.3572758807325855,89526,46055,14694,0.8401272453587794,20.051821928054245,3,2.4751396747692147
0.025938549380731535,0.5569335686974686,6.46697125530494,5.28862650347769,127332,54805,56416,0.4528190268493417,8.355339494714633,0,7.139645779694882
0.015688643538213205,0.9803806830616707,1.4725178267867536,1.1453319479003436,191384,82474,3754,0.6012815819108257,24.516022661945392,3,1.202598545295361
0.01988684441959925,0.5930094984563564,5.075282610648128,3.7083368809352484,131155,55375,53378,0.6330154680679225,13.886168599947638,2,4.264587413075535
0.02616548653788975,0.8090432308678046,4.847243879715297,3.89459966160696,95265,55357,18191,0.3423387068857314,3.7384231186435404,0,5.257709543169396
0.03334838950874924,0.6456724872505935,1.644468902577328,1.298894761028041,31990,18106,11334,0.652897549855045,18.187223152781677,2,1.4937289751822471
0.013690833691733805,0.7761933858040935,4.154805324572392,3.327203028433508,181872,101434,40704,0.4372384017610368,2.04642590820938,0,4.491724088385236
0.006918776960588595,0.5573623602978426,4.143593215076628,3.2810575584594606,53442,33185,23655,0.7856466036563752,6.660550585112893,2,3.7732161922283796
0.020977919617719665,0.843558401264562,5.7607831981288085,4.3852392491450765,65272,33659,10211,0.8149469266772706,14.465771722464616,3,4.60450121160233
0.03294815138397928,0.608037009801919,6.080081372548723,4.818995601867048,126759,76275,49684,0.837353824941419,4.343541320077547,2,5.5418449421471045
0.0012828780357245285,0.712455568389981,1.6483783813595703,1.3389079543948204,196758,126943,56576,0.5819995168439769,12.08285454070751,2,1.5397441475540432
0.03487291774184582,0.6122942560949395,4.828131761132312,3.865408703619494,9017,5538,3495,0.350265317482477,6.583217738736419,0,5.218301749886318
0.030833981586252387,0.8619743438560175,1.0962188780794166,0.8081944264782132,26869,12930,3708,0.43615787365393754,3.438104802085452,0,1.0910624757455878
0.016603977564291893,0.8590394026452208,5.247122073022055,4.202581418807263,148697,76082,20960,0.4831691794929691,22.35417908815352,0,5.673484915389805
0.014031664147834848,0.7418154861556601,2.9831333369745145,2.4402490859790893,105297,58343,27186,0.43934644353281377,24.71617062384879,0,3.2943362660717708
0.010910855191406579,0.8776638401437202,3.9924695524973144,2.918226193397135,160242,89975,19603,0.4478694329102064,10.474325158081315,0,3.9396053610861324
0.031441767031207754,0.8265668932881495,6.51170918726633,5.0019812209237395,25025,11874,4340,0.6880034566559174,11.834830675176757,3,5.252080281969927
0.01604654750370135,0.8181679390426719,7.553964350282486,5.360300294268742,160489,88272,29182,0.7318037427526392,15.773444201827097,3,5.62831530898218
0.007837356733050693,0.7892140029839374,3.8534300058575903,2.9687935759345687,36707,15843,7737,0.7204424004415274,11.42243422764783,2,3.414112612324754
0.023275906293827496,0.6275159330127624,2.116445837789508,1.5324536512669296,105336,48000,39235,0.6653206617439326,22.278884072400686,2,1.7623216989569688
0.028680273310099504,0.8357158118384972,1.7730230438777186,1.3180265316568334,7187,3413,1180,0.5832531128403478,14.317737742232469,3,1.383927858239675
0.013134123155817749,0.6733566877808537,6.799889185342569,5.5649880152433875,138663,89132,45293,0.7324967531838149,16.540981748340826,2,6.399736217529895
0.013699686014589377,0.6330343895491153,2.6224851320254503,1.9610716825844565,136208,57655,49983,0.7558792019391273,10.024471725961941,2,2.255232434972125
0.01873437946438618,0.8892979604877604,7.190635829160799,5.405324725273056,21322,11180,2360,0.3072880684271508,8.806686443749102,0,7.2971883791186265
0.016612433946907104,0.7014358683514155,6.053504592609756,4.586864784441948,190388,85595,56843,0.3010956743704886,18.531011210631195,0,6.19226745899663
0.025901635667984892,0.7523173414574971,2.1295396073876858,1.5173675658360877,112216,58830,27793,0.7028276256469677,22.278237093652393,2,1.7449727007115008
0.0051308432969840246,0.8109732356788164,5.075006653044589,3.6426482238769706,182385,106207,34475,0.43494377279141605,3.327839662177696,0,4.9175751022339105
0.014295117550331554,0.6147596517539037,2.5368774626086137,2.141072370536045,127439,88681,49094,0.528104704832109,19.338896698249275,2,2.4622332261164512
0.030629926326802153,0.8326994615886405,3.883053182922472,3.1570744324783178,166121,86978,27792,0.7787898314481614,16.522635188022655,3,3.3149281541022337
0.019105138258143382,0.5565433746676696,5.2394652252638805,3.75973852589622,42158,18669,18695,0.6806405058634029,6.74379861823151,2,4.323699304780653
0.014323218688392887,0.9388806410332016,2.430214683792792,1.886261577095499,95932,60719,5863,0.6362351312191559,21.71810475429934,3,1.980574655950274
0.023890378938054076,0.6999783378447023,7.199338349692413,5.279167319355592,183969,87565,55194,0.30548832716214713,18.639204234162975,0,7.12687588113005
0.019212324377817676,0.9096976745715519,6.74971854030486,5.5786351187497205,30963,15484,2796,0.7353570114252534,12.379764599672864,3,5.8575668746872065
0.007237034677716774,0.9189372695851223,7.17791913740643,5.526613454568179,74300,38853,6022,0.6562758281226881,2.35669160441162,3,5.8029441272965885
0.010549986816332287,0.6018986160518011,1.2938980023671176,0.998745652600188,97910,55077,38978,0.8324361966279175,3.5309887420271258,2,1.1485575004902162
0.02304281225337125,0.5363116570616848,3.6282824992655027,2.9772676865329184,7382,3465,3422,0.8184002668222978,2.9852637677396046,2,3.423857839512856
0.016177154268948623,0.5343017209452022,6.1046432003955005,4.830368161298821,134974,68954,62857,0.5553311858565737,18.622968301492506,2,5.554923385493645
0.023328802480534674,0.8472951710622856,1.0585457731379997,0.7755436770629872,14277,9318,2180,0.5052826360085786,16.535739649112347,3,0.8143208609161366
0.004242634477283994,0.5508025045597955,1.3406036456319932,1.0552591947942778,152705,86188,68594,0.5865902547796134,10.054668795086796,2,1.2135480740134192
0.024034096103998082,0.8716659216490314,1.10239781214373,0.8059479871779379,177075,110260,22724,0.39343455332790445,6.484429597706652,0,1.0880297826902163
0.03127392358545717,0.8674891212415147,7.35759942090226,5.987668105775382,86471,54674,11458,0.7689217252160885,14.457867618985476,3,6.287051511064152
0.026781087929906012,0.6503832114653393,3.9047985078005474,3.1508469364331364,187799,86514,65657,0.4726047445234286,7.55451444383517,0,4.253643364184734
0.00830702965923746,0.7081769130053626,7.354869597184739,5.707812354992992,26839,11355,7832,0.6828858798258589,10.80437158203692,2,6.563984208241941
0.028942252183902218,0.8231602766339774,6.573690153789579,4.869736457905774,164525,92129,29094,0.65021894437438,19.209355120633607,3,5.113223280801063
0.008651423789809654,0.7590749653582335,6.781423951212213,5.218083347735022,70133,32654,16896,0.6274167962601189,8.086605619283219,2,6.000795849895275
0.023506944122991535,0.8993204669848642,6.446176702012572,5.248011009879989,173773,110521,17495,0.7255144106926161,19.20028721147765,3,5.510411560373989
0.006120675509421317,0.6064431343619753,4.247930920250975,3.1417724803667184,85764,56926,33753,0.43386817577019177,14.818754900179185,0,4.24139284849507
0.002325296902478434,0.8267552217397725,3.261191420278657,2.722076946486549,180607,89867,31289,0.7955284926297574,24.911626490471914,1,3.4025961831081863
0.029064132580214237,0.9139869604000622,2.7430611527636293,2.1574322989863863,174509,74772,15010,0.8493909366183099,9.512702736795951,3,2.2653039139357056
0.02643825300966078,0.89526587598314,7.006162897050604,5.952745982281436,182826,104457,19148,0.46721664984639977,9.316402278779858,0,8.03620707607994
0.03367942013414562,0.9369383239493454,6.944253038511929,5.283894430108755,119589,59057,7541,0.6598881030209959,7.336418147102647,3,5.548089151614193
0.001488969166450891,0.8745331593538495,5.366201594048063,4.369941549645255,70206,45713,8808,0.6407394100199668,14.958093066390724,1,5.462426937056569
0.022236877635894076,0.9235722909654984,5.108555545912349,4.021161474900291,80324,47511,6138,0.7031519907955943,17.550884144530677,3,4.222219548645306
0.005706806773199407,0.7836316823374403,4.986391389205776,4.14000938373669,169490,115039,36672,0.4880479029580197,14.136581723098985,0,5.589012668044531
0.008195620551375281,0.9878592436544529,7.86782535507555,6.274011172377921,141304,76071,1715,0.8169624855834023,13.5920865627155,1,7.842513965472401
0.03327282356815031,0.9080876319158471,3.5370192583108038,2.9341209317277195,77567,52940,7129,0.39204636773022955,13.508267262957894,0,3.9610632578324214
0.024490055202727977,0.8415965448869865,5.540472697381709,4.107114912748349,80602,50322,12767,0.7456422226847422,11.518031702378304,3,4.312470658385767
0.007941663011720262,0.5207477165984681,5.058083099680573,3.8842874443032276,64821,29228,31065,0.31052967739826015,19.919359487103097,0,5.243788049809358
0.021729712455188944,0.8428233891148396,6.867084824920498,5.633904995616383,192613,129640,30274,0.6514676874032065,23.9313072505847,3,5.9156002453972025
0.030974931755851923,0.7864048998100872,6.836543656431791,5.444532042345725,28989,16667,6191,0.6260620992794605,10.16326720017123,2,6.261211848697583
0.0027676379672420546,0.5155544450327644,3.9633460090723824,2.8246164844187756,157191,91940,76150,0.4354573103457924,17.88563473640415,0,3.813232253965347
0.02129039827869745,0.7457720929597946,7.833308824916586,6.286371853339933,64546,40097,16409,0.4575857519099176,20.46072718411738,0,8.48660200200891
0.03490608859672249,0.5147127426114024,7.281561060536523,5.777151079658526,151232,81590,73390,0.7660633618142556,3.4350635777603764,2,6.643723741607304
0.012399487702662054,0.5328381034980929,7.827401934353494,6.438398825361832,40903,27305,19108,0.4683283049375334,14.693174137687269,0,8.691838414238473
0.027839920345061914,0.7039468488342212,2.176826898795071,1.678861734675771,37101,25329,10983,0.3411516628572352,12.084504450763298,0,2.2664633418122913
0.019015962877009893,0.9827988778207699,2.1621527655000254,1.5506196995142294,173171,83730,2978,0.7390612584650527,9.503840114946376,3,1.628150684489941
0.011179034705981843,0.6139279361818373,1.9077528475696475,1.4088172135414276,151480,76665,58482,0.4663634660423596,24.43358537436768,0,1.9019032382809273
0.0067839241885155705,0.9401366513370852,6.437623324979215,4.580188699297813,154335,68907,9239,0.34550525959000444,13.144373886840249,0,6.183254744052048
0.011282263383470239,0.7760700985970885,6.626634233384326,4.774968893366509,50541,32051,11317,0.4669931659791121,9.168866055845953,0,6.446208006044787
0.001106790805636152,0.585379266806236,7.12783937585284,5.461792268683002,188006,92487,77951,0.7523096661519448,3.3105107209394706,2,6.281061108985452
0.015232647347223217,0.7246313978244046,6.075042534093831,4.775852990686877,164090,114458,45185,0.6653109421894821,6.582656951391224,2,5.492230939289908
0.0025286890141127385,0.5619146758441101,4.937886408911332,4.023261704483298,36379,14724,15937,0.5875180778590283,12.829949193133066,2,4.626750960155793
0.023305870747173937,0.7741936386880175,5.809274054077364,4.639939150607701,36480,24001,8237,0.523742640523448,9.549361430601806,2,5.335930023198856
0.01643565698078977,0.8735990097506856,1.8820141950479599,1.3728594994012708,128728,83075,16271,0.5805816092509778,18.933515633078162,3,1.4415024743713345
0.01843849988763952,0.926106980412641,3.8194308326302995,3.2294636012460884,51151,26171,3779,0.663916992796054,5.248141497582438,3,3.390936781308393
0.020409832172542195,0.5907824741378286,2.9505014418052546,2.162146546442429,166004,86648,67931,0.796754928358936,15.888572598426393,2,2.486468528408793
0.020604876242410405,0.7737953128659548,3.59818661213672,2.942764203051111,16874,11502,3816,0.7916918627758285,9.762047490522658,2,3.3841788335087775
0.025801768174276568,0.7808793652802999,3.3635451139946424,2.853222153675202,133126,62056,29170,0.42001414400369474,22.10365078601926,0,3.851849907461523
0.009488744393167825,0.6289911997938255,1.0045737353290969,0.834399301307395,46235,23716,17153,0.42763065683563584,8.103512566845435,0,1.1264390567649833
0.019847474127571728,0.5977576043155082,3.0576437071182827,2.2490886800406003,76386,31472,30725,0.46030350242158663,6.77344153273118,0,3.0362697180548106
0.009096986224633674,0.9451329304208939,4.27648337964003,3.292656619153977,76128,46494,4176,0.6383895093053278,19.48975916869685,1,4.115820773942471
0.018439353602342036,0.8450008029474562,7.546204607085453,5.707728456251351,169957,92236,26343,0.6709198084976898,19.546546717750374,3,5.993114879063919
0.0025453850148170628,0.8168342175348443,2.587188290848612,2.0710568540395258,36923,20416,6763,0.5757016045441512,3.155589225928589,3,2.174609696741502
0.0021869927903116096,0.7700683813390223,4.067250292738412,3.3590487109884815,155528,99351,35760,0.7145537387354025,6.9565174539536745,2,3.8629060176367536
0.012424240005663698,0.7281844454635169,6.413667334475748,5.36981013628466,193487,130934,52592,0.6825935587947319,16.047726805755886,2,6.175281656727359
0.007794603223585944,0.5272072660764837,4.97925428955558,3.9720873418281237,121192,57091,57298,0.6725662214388801,15.012975761342917,2,4.567900443102342
0.03259092038519737,0.6897880338079039,1.4631563218410832,1.028413545756096,70727,37438,21940,0.34815176521527935,8.504426005421493,0,1.3883582867707296
0.015231797708070632,0.6433330484833635,3.3254389966312514,2.4743473758413264,170714,100913,60888,0.6285108311944081,17.027820465009654,2,2.8454994822175252
0.007538536465143335,0.6448707253901178,5.337311488614456,4.216177908534783,192635,119765,68410,0.4526055738487247,8.477168968429531,0,5.691840176521957
0.033754250895165296,0.505039403008489,6.012349812695011,4.845574716359863,43134,22890,21349,0.7369644498194283,8.396970576192086,2,5.572410923813842
0.005836678152411724,0.6534499688965908,6.946739508415309,4.955445911095995,168623,94816,58436,0.8416651591819018,23.596917707977482,2,5.698762797760394
0.01639566628317117,0.597260626556621,2.1541934359559693,1.585482932021365,8358,3720,3366,0.8324420097979035,12.274434126945968,2,1.8233053718245698
0.01805161065190566,0.6208627217446492,4.296721767043135,3.4343140439183,80033,47560,30343,0.4501723406302937,6.075427523257395,0,4.636323959289705
0.011005069045661887,0.5562504943531272,7.5907303719910875,6.206415904242367,197971,130559,87849,0.43720201236127776,18.49377307486045,0,8.378661470727195
0.03010850496646728,0.6748166686954036,6.302251118155024,4.6905187891716595,129591,78702,42140,0.4493982497009033,6.384026160712345,0,6.332200365381741
0.007277503549810554,0.667632734223161,4.009703338458753,3.306571286711483,82525,37301,27428,0.5671995859019473,4.689241317084004,2,3.8025569797182053
0.02419320749309559,0.9654508374405772,1.9596262065512955,1.5874588369358926,159648,71733,5515,0.36412069100563316,14.574000687658993,0,2.143069429863455
0.03168204313172752,0.6685392664132659,6.131000750558362,4.897438514615778,161177,69589,53423,0.7801606667163439,14.0322894760348,2,5.632054291808144
0.02478945690799609,0.7013199750018433,4.92405866300734,4.143097427096024,139855,90621,41771,0.7405393852218507,4.402453916303482,2,4.764562041160428
0.020613150958511812,0.7273510321017749,1.8309636685637802,1.5509822877390738,156388,73171,42639,0.7926338797596548,20.020501859440905,2,1.7836296308999346
0.024789977007382193,0.8023025734184059,7.044260112390243,5.166678156080147,9006,4068,1780,0.6123858635238443,8.816225110805632,3,5.425012063884155
0.03290273477414475,0.901182712447185,7.884970445595641,5.826603845523005,36417,19278,3598,0.49113533742256504,3.1580391202951246,0,7.865915191456057
0.0027940187672264895,0.8390855154138608,4.205502961038196,3.0867476780818413,80886,46293,13015,0.37583689814580573,17.841538438661402,0,4.167109365410486
0.03152328126133066,0.865137952731111,1.5350790272761337,1.280843271705889,198743,101114,26802,0.7431429891175199,9.548128104345075,3,1.3448854352911837
0.008108018706032765,0.5414972875189004,4.266851846190859,3.2953742277912013,122509,69794,56170,0.40046981133181747,5.210773949275402,0,4.448755207518122
0.020600062876963636,0.8733229698125975,6.470539534195275,4.79702255202935,104319,70912,13214,0.3652540711578692,23.47623672903381,0,6.475980445239624
0.02425145936240167,0.7604703548164983,1.2286134254914711,0.9476779778018002,147867,70226,35418,0.6597880848573541,16.242497737232377,2,1.0898296744720701
0.012291732632476238,0.9547698993997954,6.914036292427429,5.072118922346419,34227,14885,1548,0.6370377095450808,23.585089638925556,3,5.32572486846374
0.02350044290403571,0.5376334936740665,3.4826634348955796,2.7255306869041083,45863,31281,21205,0.32573221473447267,9.351997271717439,0,3.679466427320546
0.01589800836665608,0.9406375758730978,7.735830126264097,5.930421103891798,127019,66551,7540,0.6717026088072404,17.13767595884419,3,6.226942159086389
0.0033836767478027364,0.6936770645612673,2.2724520705215334,1.644168852897262,140899,94708,43160,0.3859560402523769,7.062039568041891,0,2.219627951411304
0.018621389999219976,0.8479562355052669,1.670103383210781,1.248659816627793,181298,86787,27565,0.4721775797847308,21.23946528421477,0,1.6856907524475204
0.0027072906774754787,0.7276604527163957,3.6573173511616917,2.7338008833374796,58218,24883,15855,0.47315420614340686,2.990205262460377,0,3.690631192505598
0.0275527713639108,0.6951316190394257,4.107326826239381,3.425671530873904,155166,100839,47305,0.5971630924846689,21.42731590907516,2,3.9395222605049893
0.015664258015594498,0.6857298378376872,7.405425127620557,5.462799870112737,155673,73921,48923,0.6011093194242753,8.310845919659512,2,6.282219850629647
0.0316538221797603,0.6054501950692645,7.190486053190274,5.636699773998921,139794,85813,55155,0.6831823112902118,9.459953576986281,2,6.482204740098759
0.008952495670054919,0.6033342515635862,7.000341599417121,5.761729319462494,98474,67358,39061,0.5201167517173196,20.015853607989097,2,6.625988717381867
0.010041567321492039,0.9852628288588876,1.180387191350458,0.9331306848660634,95710,51481,1410,0.5370411460564521,9.00332825322587,3,0.9797872191093666
0.007735247568489846,0.532189137079933,7.209835220565889,5.500940643579252,40699,22951,19039,0.5294563802105171,5.6851888224596445,2,6.326081740116139
0.0068118376823088425,0.7048909461997719,6.300980847928505,5.259395299835673,96128,58361,28368,0.4872996595139433,20.514165799182855,0,7.100183654778159
0.0027813040502252815,0.5782162017017619,3.349362910845382,2.3831424367509264,43346,17646,18282,0.759220963131922,24.417883709116683,2,2.740613802263565
0.005605624251019487,0.613422854744996,7.078866667628539,5.938953722057464,50865,34490,19663,0.4175339778636806,11.660093703872313,0,8.017587524777577
0.0013293540131929032,0.920397994548378,6.11810141118442,5.151523403055634,84211,41609,6703,0.436330347300633,18.04747507372574,0,6.954556594125107
0.013379834350356983,0.7774453577187821,1.0438022971852916,0.7403510736662546,127778,78306,28437,0.4493206013984912,22.797595702373997,0,0.9994739494494438
0.013740546997250799,0.7694355957603405,1.3540117267696021,1.0343541817206565,121477,54543,28008,0.42198008800577524,9.30375533699854,0,1.3963781453228863
0.009819205625268675,0.5429197357289137,1.629413714017916,1.1878220869238156,99837,50041,45633,0.7788786505015917,3.921073037640432,2,1.365995399962388
0.008178282046973271,0.8687094854173822,1.359056942868509,1.0517474043231771,131244,81142,17231,0.5664151520804671,17.95752781025047,1,1.3146842554039715
0.01979392051314183,0.6059627588113992,2.460118574187355,1.831456924134331,159934,71357,63019,0.3820872083578106,8.168010458133006,0,2.472466847581347
0.013276540695595265,0.7001432348901565,5.757880517833417,4.079470235899898,25323,14572,7593,0.4856428562361004,20.465577806897556,0,5.507284818464863
0.009381676791691423,0.9782560223140999,3.4137232542231883,2.5623292151697705,100598,49211,2187,0.42649656467978225,11.459991357523318,0,3.4591444404791902
0.009178073896125058,0.8294680832129349,6.782452791837999,5.432499294656044,46347,20006,7903,0.3249120539871926,17.09687476584965,0,7.3338740477856605
0.019195179345131912,0.5401916057536207,1.244574724841919,1.0559761797712603,125617,66998,57759,0.5775404635342326,4.697443399410236,2,1.2143726067369494
0.006748100466950353,0.6723844531410728,6.331731133495638,4.913818229197571,105766,51490,34650,0.5572246668666824,16.245969295429546,2,5.650890963577206
0.014980476179562698,0.7094683625042313,3.3119926725145907,2.5987046171290302,111511,51346,32397,0.8139381713143927,17.84901603620928,2,2.9885103096983845
0.02899128923112103,0.7725334393887058,6.456616909968444,4.5353218008894425,95417,45425,21704,0.559022532324883,13.32134324919539,2,5.215620071022858
0.007630305334912938,0.8195256003220088,6.466435494702633,5.294197036327495,103071,57048,18601,0.3335539286529672,8.620119873586935,0,7.1471659990421195
0.0041712291904577765,0.972273348830452,1.945561023580325,1.4061859647678623,20216,13811,560,0.7212059715792005,2.124313244471407,3,1.4764952630062556
0.0010457732125231658,0.6852693771958509,2.0037675900762477,1.408163546415859,75409,45826,23733,0.42833305245712966,16.38259390895244,0,1.9010207876614098
0.026400661082386985,0.6071698055642042,1.4196031060291578,1.0216117840748296,176541,77078,69350,0.6857608070578296,4.609138793390085,2,1.1748535516860539
0.034894913432038085,0.5898916765636124,5.158993039295202,3.929636910075731,192464,103853,78931,0.3075253281183746,3.8767705601112823,0,5.305009828602238
0.009792114098582657,0.5136475980023265,5.419627282337757,4.140377122786339,53803,24340,26167,0.46276261619013886,17.26796292161268,0,5.589509115761558
0.0338202926034336,0.5247042190650825,7.232690245986863,5.688743627863318,72708,29621,34557,0.4995144802195336,14.574015550815817,0,7.67980389761548
0.029553891974918606,0.5624679832687206,6.601444433785054,5.475577043169534,142207,93213,62220,0.8452994623135357,18.717293114109463,2,6.296913599644964
0.027682169182049594,0.987263481103848,5.238368753681618,3.9087814880628327,32564,19665,414,0.8202585542176477,8.803954242420328,3,4.104220562465975
0.0010378112026703718,0.6332577341051173,2.525239657387208,2.018361401315087,196591,86172,72098,0.5433015932063303,2.9768079129002625,2,2.32111561151235
0.024277290605008855,0.9423257001182246,6.860841049969562,4.933667991770327,86422,37016,4984,0.7573350832117229,23.123143467875835,3,5.180351391358844
0.02309279358998619,0.5506827162816369,3.814190518217685,3.0869803105621205,158466,77590,71201,0.7901600401849813,2.3135825498338938,2,3.5500273571464382
0.011972703472705706,0.7716347737960209,2.037522234695272,1.4544135532071003,132775,87013,30321,0.8266974054499234,15.012133864105651,2,1.6725755861881653
0.018491685143156404,0.5416776288897281,4.8421096107981985,3.6654617800828264,84788,59067,38860,0.4241502481115201,10.967694164694853,0,4.948373403111816
0.017321610828542913,0.5676275886398253,1.5672702732553976,1.2921491887926997,55519,28948,24004,0.3482074099070593,3.513670495883259,0,1.7444014048701446
0.03130481901625016,0.7272689823665631,3.2401912159367434,2.4997076950263137,29704,15470,8101,0.669878994470507,17.69040885286727,2,2.8746638492802608
0.011718140778081327,0.5652728628269481,5.42677379525856,3.903200970607984,10594,4617,4605,0.6149535692135715,7.905100415124434,2,4.4886811161991815
0.028339252767542157,0.7087094771488003,7.96278915637541,5.684436632089841,62514,28505,18209,0.31412930467817446,8.544451870569477,0,7.673989453321285
0.01606314601547906,0.8023819127700416,6.949715313522438,5.06937849885661,7035,3976,1390,0.5879599687414208,8.492036819497455,3,5.32284742379944
0.011134572117843976,0.636144129971217,6.400584433989414,5.106291083686086,89719,38726,32644,0.6220732261299369,14.519932415589386,2,5.872234746238998
0.008947186929249305,0.8125093295043399,6.740472514389546,4.760370035476113,99634,47977,18680,0.5195417369810608,15.767687470307429,1,5.950462544345141
0.02320028837668664,0.5754205597936235,7.839221735816232,6.128043757496236,35771,22144,15187,0.5006523586142893,16.742207146271426,2,7.047250321120671
0.01685017409833694,0.5930687068642049,5.9121679171408,4.632004398392124,176946,120760,72004,0.5913426813596022,18.84493427174376,2,5.326805058150942
0.03241966234098351,0.9778381882279991,6.832430496176721,5.093253255660624,20989,12350,465,0.8118533619935779,17.550415593730094,3,5.347915918443656
0.011446124702822497,0.6813120168299798,4.853302439720583,3.9724388514981146,45475,26098,14492,0.49009374646702086,20.762696306607467,0,5.3627924495224555
0.016868755188110318,0.5375941851579138,2.1623676503707547,1.5334769687416308,156899,109723,72551,0.548456711789794,10.15875680479489,2,1.7634985140528752
0.014623941672371868,0.5564216274136485,7.182915209983567,5.4749892735688555,32241,18834,14301,0.6390354975545285,12.521190285007428,2,6.296237664604183
0.01449623107976596,0.7231377363854977,3.904723052557763,3.161161759272209,178904,122794,49531,0.3832877729034798,12.980572358048136,0,4.267568375017483
0.02146142895414521,0.7850509572363815,3.8102324536233025,2.860389745831021,10867,5623,2335,0.3894634483080168,18.890410559321023,0,3.8615261568718786
0.00810025180681606,0.5286969995894216,4.86656296472064,3.8411025212173686,116048,49851,54693,0.3640628173203354,7.848008323231885,0,5.185488403643448
0.011045909437309816,0.7596854671004961,5.748743198521092,4.535273426156028,197888,102682,47555,0.46297919104489005,5.299797511414461,0,6.122619125310638
0.006149147745802149,0.7120580273274912,5.1697587691307065,3.6813454680618802,141109,88410,40631,0.6226431550560145,21.05408943159679,2,4.233547288271162
0.003726349731611852,0.7336510500892309,5.410651888031644,4.459989183273925,100761,49583,26837,0.4073584405145354,17.60529687896337,0,6.020985397419799
0.011985389856655468,0.9839972741586023,3.2797936144476725,2.4897582635325675,12211,5031,195,0.5229825538265352,13.874515881546502,3,2.614246176709196
0.02074193768092756,0.9586092516417941,5.7057548110593626,4.405936465585447,192620,122463,7972,0.6398623579154639,9.862487566456117,3,4.62623328886472
0.030711748487714626,0.5063245417106861,2.586834564524466,2.03075287712486,180220,95869,88970,0.6541761186961874,10.761892435539925,2,2.335365808693589
0.002855223881611765,0.7937359584327711,7.316822932774723,5.5423638996054825,108844,73106,22450,0.7594548916563353,6.528421050840722,2,6.373718484546305
0.015999118775841502,0.5977116829016822,2.8513027166703355,2.2112766331226332,153929,99712,61923,0.6473023359206613,20.041325883894338,2,2.542968128091028
0.02135114176940384,0.7029291234256765,7.705621019482963,6.019377423075961,111719,52077,33188,0.644107934185002,15.146975938107708,2,6.922284036537355
0.0072845055301988485,0.5291976777030404,5.230515238003398,4.2605362743997155,111975,72914,52718,0.5986489729328981,10.597586503941056,2,4.899616715559673
0.022261218629943923,0.5060471125695832,2.000726143205265,1.6232772134061226,95140,49093,46994,0.32813261309121866,11.149249141369259,0,2.1914242380982656
0.01839805320189983,0.7368141996334994,3.679488702821284,3.0387866616359687,13531,7338,3561,0.30403378295989913,2.59361603585318,0,4.102361993208558
0.019811881747182004,0.7550202080409901,7.96207392324682,5.814513688368281,61652,26760,15103,0.8046486553095595,19.889658622544367,2,6.686690741623523
0.028959529789532815,0.9423542561026093,4.674299907080868,3.588361778887653,40081,27407,2310,0.7631909571577096,8.822087089613142,3,3.7677798678320356
0.003624376027699911,0.583244665877338,1.8886108962848087,1.3569528907372403,35063,21183,14612,0.39134116878343256,3.3594338801400543,0,1.8318864024952746
0.02448469471385095,0.8571052489057223,1.3288109376869786,1.1151484538474306,70066,39686,10012,0.34221693403880593,2.096311203443031,0,1.5054504126940313
0.0237947673490952,0.8144915632327033,3.8755216699972825,2.9975091030852887,167023,99527,30984,0.6187905034754752,2.5110250865883494,3,3.1473845582395534
0.03461035955955403,0.5202997635215,7.774619163539395,6.08348110124593,109215,54018,52390,0.5162309212217083,7.44925185962464,2,6.996003266432819
0.004296832812824442,0.5877255023463761,6.5825983170754006,5.276820603494413,74806,50623,30840,0.3400042212782676,8.453818704472067,0,7.123707814717458
0.012897887021404278,0.8833886479842661,7.947602341133799,5.850234670772533,175733,120989,20492,0.7016338338968274,13.267020964508124,3,6.1427464043111595
0.022444393112725596,0.862444619903923,5.285930359857107,3.713373330220163,49306,24665,6782,0.7019786901768883,11.660253098800245,3,3.8990419967311714
0.020664231945962362,0.9079797689298043,6.629158954887189,5.501959819303643,192428,116922,17707,0.37699305719696957,11.563827064423453,0,7.427645756059919
0.01965200611185941,0.697342347525947,4.637281730621052,3.939273198315997,109975,64867,33284,0.7229060245141425,24.863878056848236,2,4.530164178063396
0.001376670788206529,0.8577849921222316,5.0025252115518635,3.8274711911823944,33756,23543,4800,0.41457346450468485,10.17510475937342,0,5.167086108096233
0.02375344701744547,0.7370632445317171,3.9287267336483347,2.9609701066835625,136562,68957,35907,0.43409106574059875,17.08577620126319,0,3.9973096440228097
0.0077596780718717,0.6543551485198781,2.5722170805241937,1.8272336545766428,198838,81038,68727,0.49515752054873946,19.944890916319572,0,2.466765433678468
0.02017235931588368,0.6279695919303215,5.864671835401334,4.604404538259018,176806,81105,65777,0.5822462952551197,5.001604871661115,2,5.295065218997871
0.015978331435681822,0.6554796839360384,7.383717089397432,5.2360840291488655,159536,72561,54963,0.4754747908827319,11.556823450427517,0,7.068713439350969
0.03187251303874913,0.6188633503761743,1.6391616178126915,1.225770697497463,7881,5378,3003,0.3959250969113247,12.847938287263693,0,1.654790441621575
0.004108347721782698,0.8065841370080628,4.85372176417358,3.6941910715483766,68212,32474,13193,0.6531475790438195,8.337341044239576,3,3.8789006251257954
0.01781371825409387,0.5596307002960694,5.1166554632381285,3.8242479154433333,70756,45499,31158,0.5363203498453314,19.246778419630182,2,4.397885102759833
0.03204340987425511,0.7803402522238811,2.2654960539366567,1.6771912281794343,160371,102189,35227,0.5116029170790948,12.027889153123475,2,1.9287699124063493
0.02119768182927158,0.7889302126242583,1.4716381006534802,1.2137057359707157,88434,37702,18665,0.39450620319671215,13.91578245492793,0,1.6385027435604664
0.008275819075742662,0.6388093577113629,3.8021898532109586,3.1245632680793674,35734,18447,12906,0.7749139422020472,9.102452333041153,2,3.5932477582912723
0.010980182943594454,0.6303388696154024,3.3294660827255687,2.6090053963619395,198604,106760,73416,0.610524851413405,17.249625685632388,2,3.0003562058162303
0.024088264552851672,0.9565527976250889,7.978645921881688,6.446934353632579,5066,2101,220,0.4270944690809729,22.639871501665443,0,8.703361377403983
0.00971051149093807,0.6081190192146567,1.9668770519817307,1.630279016567723,17940,10808,7030,0.43148651124126636,19.43492968325798,0,2.200876672366426
0.02684018852871135,0.6531730322050671,3.87477843107198,2.8342204063791923,195271,115928,67725,0.8139991343935336,8.977867503470062,2,3.2593534673360707
0.027584291041894252,0.8752707355035236,5.84158956306579,4.935242678087266,7795,3245,972,0.4003519223588695,24.199821686551907,0,6.66257761541781
0.015558253955483877,0.8096894121269939,6.082778815412459,4.592766931681322,49130,25952,9349,0.6548702167145652,19.139939081889196,3,4.822405278265388
0.008895639490645667,0.6986094267170071,2.8841309969414044,2.1048236370357096,9239,5946,2784,0.7538662541927972,20.286334404941016,2,2.420547182591066
0.012006848070754406,0.8749449785396521,2.0021295046783507,1.5990155888995292,125419,64340,15684,0.48658236364561,3.435920527388948,0,2.1586710450143647
0.017529904239566026,0.5534166716640551,2.739778746491982,2.048098021390704,6577,3707,2937,0.8094128610363898,22.04025068667763,2,2.355312724599309
0.02769284434615174,0.6341122442624018,7.382730400802641,5.275892231381624,199844,99611,73120,0.32957477141409086,17.39521063753721,0,7.122454512365192
0.008863517562742486,0.6193498516736696,3.1423301636014003,2.229648899403745,18386,12105,6998,0.3755150179935636,23.904895305170665,0,3.0100260141950557
0.012179969006852719,0.8245337319780528,6.262776021696768,5.146698826567304,47771,23256,8382,0.7307685000611733,20.474632807290543,3,5.40403376789567
0.03454314587988996,0.7929415935543856,1.5737601425056353,1.2543270971899143,180138,119235,37299,0.39287215485371724,3.2336002049791093,0,1.6933415812063843
0.025393809680805016,0.7329831004640395,6.943686139710732,5.259908709953156,25008,16159,6677,0.6721545491509162,16.629088873799912,2,6.048895016446129
0.014660966593720435,0.7831357060406035,3.155118876920572,2.434426660640341,147767,95843,32045,0.7562594936256775,18.315942901960884,2,2.799590659736392
0.004583646831479717,0.9110383923329937,5.697090863730368,4.583615105802614,34086,15086,3032,0.46733302510495767,5.202677425664519,0,6.187880392833529
0.021808290018621484,0.6500874884748934,3.2827549675880143,2.332848435055175,20386,12308,7133,0.6472567877038571,8.222862899223802,2,2.6827757003134507
0.009458920817132021,0.9616085275494117,3.0879071796388593,2.520738281785186,146215,102151,5613,0.801333099226218,7.094897258601433,3,2.6467751958744454
0.0029095083367126455,0.6252631559597271,4.69294554299594,3.4058557409990895,178137,94804,66754,0.7839530446998579,13.626978209640276,2,3.916734102148953
0.01826376649841134,0.5678020814130728,7.879176786372701,5.810860840304314,149740,89685,64717,0.62745150358628,11.548350041833151,2,6.68248996634996
0.015354535951943055,0.8846813213127513,2.3699884806975433,1.950590574061278,24065,14488,2775,0.37554896028277085,8.36800929831628,0,2.6332972749827253
0.002566144165187233,0.9561037967451559,5.625589707836372,4.567722499531007,34670,22663,1521,0.4427818060396632,2.0378064135863427,0,6.16642537436686
0.013798108725703594,0.779673125669946,4.350934005758658,3.6082792646745254,193680,109651,42672,0.5821386424014992,8.47203858995975,2,4.149521154375704
0.028955755827618362,0.8688958413822812,6.1300143113228165,5.09667088261584,31950,21682,4188,0.5367947015021703,4.740235455909108,3,5.351504426746632
0.018421355904891624,0.6709276346547288,3.623774470449984,2.8743764373436194,130211,61244,42848,0.7121584591982858,23.11034031115172,2,3.305532902945162
0.004672984554713695,0.6139919528095197,6.251825558611208,4.63370306664398,134648,69686,51975,0.7413209814482284,9.848622344427575,2,5.328758526640576
0.016102235833864463,0.831037519048045,4.562258490489161,3.7831016276143195,38686,23268,6536,0.3174473704988171,14.304233488417212,0,5.107187197279331
0.0022817226471049954,0.895953230386851,3.245071671219703,2.545318714205576,118221,56105,12300,0.5961172386078267,24.819119708007403,1,3.18164839275697
0.03015604066356541,0.5477097779576984,5.944603977669972,4.469372851484357,109186,54348,49383,0.8247232457929472,4.803228540971824,2,5.13977877920701
0.0016213523705992119,0.9430263227633134,1.4805406630351057,1.2566583072983926,184893,87334,10534,0.42846204858773607,3.568292254605642,0,1.69648871485283
0.007362225193957059,0.7722192892439537,3.0395275098642114,2.3179716954094323,158885,84462,36190,0.8376229420148913,20.58090985073157,2,2.665667449720847
0.02607193810660617,0.7631502442235674,6.879984324230404,5.166169395485987,163097,79802,38629,0.4639364106435023,9.369229581224943,0,6.974328683906083
0.006585752671261916,0.8837491011526116,1.8574850337619244,1.4771389662152645,29466,14670,3425,0.3114169176681803,19.500377486444723,0,1.9941376043906072
0.0024531466061063468,0.9236796537553453,1.8306243013217716,1.3286332089166075,112392,53283,8577,0.7728049399439336,5.882630133044977,3,1.395064869362438
0.030034057992823,0.506482118323594,4.582463195986365,3.73661558243407,185809,102332,91700,0.30790967979128414,20.46856993010939,0,5.044431036285995
0.03434698938409589,0.7969038357529812,4.525958709588496,3.764522185610303,14196,7353,2883,0.5995054285600716,5.677234557428152,2,4.329200513451848
0.02450238656872364,0.5821076042592082,3.172159374731833,2.4600152085289726,10269,6385,4291,0.6550438960257873,5.582784993343914,2,2.8290174898083182
0.019599541750929643,0.5428487858819439,3.641542237576555,2.7749552529516373,75934,52033,34713,0.4154436962724269,8.001127331953866,0,3.7461895914847108
0.0339669419227475,0.8600071994298626,5.8971757311646975,4.882501527515883,174178,119195,24383,0.3776594849454517,19.560864404368882,0,6.591377062146442
0.004695206338739531,0.9808162129217257,3.6713154937639447,2.996840431728919,8225,5184,157,0.6457115203560058,16.56505363701644,1,3.746050539661149
0.016309604450271877,0.7602436532053884,6.220023663433511,5.124622373624581,126118,81028,30237,0.3379703153012562,9.70014796348562,0,6.918240204393184
0.011665906241743313,0.8114662077567805,3.4917044142944835,2.5219743577588245,140393,85168,26468,0.6035649985832565,7.562278494553122,3,2.648073075646766
0.015483915661926556,0.9741939841685207,5.6043576829082005,4.397511415935847,152147,88288,3926,0.6828439238618715,10.337545644224804,3,4.61738698673264
0.029015920163919264,0.6000029539663225,4.283285232627078,3.5128970125715973,193545,99379,77417,0.5845114151837392,11.501470147724318,2,4.039831564457336
0.007777746642020227,0.7020595787645937,1.5059386330122362,1.1842217693727055,77394,32251,23058,0.6353970188514644,7.538487769682985,2,1.3618550347786111
0.014151446229763921,0.5394845980203916,2.0301427576646174,1.5118403793538537,167448,78613,77112,0.7669081282118401,11.137243875330574,2,1.7386164362569316
0.009348721282112695,0.8980398283210602,3.399872753638155,2.436767520384087,159417,109957,16254,0.41318690734418195,19.05602049473708,0,3.2896361525185176
0.0195870270065086,0.933394576522412,4.877952788521917,3.805700147022384,105625,65346,7035,0.4658046827023404,15.785578836055684,0,5.137695198480219
0.007842968796572064,0.9362159446799277,1.804344403533372,1.264079612276742,59675,34309,3806,0.6184309261626924,3.2537743310700047,3,1.327283592890579
0.011677489435226705,0.7446074839522526,2.516054299390686,2.0905741262139395,57057,38556,14571,0.5330735659620078,9.869049802573585,2,2.40416024514603
0.03369272489267726,0.717977692085495,4.423338803144983,3.329657141019127,16049,9084,4526,0.4645776023655833,11.909740333792227,0,4.495037140375822
0.011614524048737192,0.8553044683673249,6.574104643905925,5.4232458875728975,110315,75267,15962,0.6427657051874038,19.057427611393443,3,5.694408181951543
0.02837330860939859,0.9140694279593549,3.765373364997572,2.6647152650651416,94353,39510,8107,0.5131065551019661,15.418694937424007,3,2.7979510283183986
0.016782934264372308,0.8034101154731559,4.36205981153949,3.486400630804941,47317,26673,9302,0.4122354137006303,8.713956990449567,0,4.706640851586671
0.026452696091782302,0.7364746054741451,2.5122200827515053,2.123053774413336,164484,85323,43345,0.6372335511066598,20.52885103171548,2,2.4415118405753367
0.011188735250610687,0.9714300310408635,4.749441504113021,3.7650894500616916,40709,21739,1163,0.3678974261956953,6.737540825170118,0,5.082870757583284
0.001032076119099457,0.5192398753078435,7.840986762238505,5.773734550868994,183966,94983,88443,0.3761025104885045,18.977870222347402,0,7.794541643673143
0.03013679010239213,0.9599701713332771,4.446536124637381,3.5800389846982346,96647,66939,3868,0.6154598040146906,9.857745591883841,3,3.7590409339331465
0.023047794934608064,0.5335359475288868,7.281781228251104,5.22764282088159,103827,67760,48431,0.637773246903135,9.49396543244732,2,6.011789244013828
0.00751903139126906,0.7721936672831193,5.087435024827947,3.719164491912969,118204,50406,26927,0.7272391404647469,21.493595560258935,2,4.2770391656999145
0.007181800196469518,0.7108698008623782,2.1584984226455894,1.7397294805322445,41132,17922,11892,0.3773009203975486,8.588895968125424,0,2.34863479871853
0.01861462361671708,0.8665278775827072,6.855716235326325,5.5233098238366285,39409,23648,5260,0.5394679778698632,23.92176263106517,3,5.79947531502846
0.025454336819578285,0.9557809494026495,4.69311581290516,3.4674412309426756,139312,90064,6160,0.3557589133584249,20.213500447301772,0,4.681045661772613
0.028593448147952637,0.7363142600399564,1.4011721700734077,1.0175150851631074,128745,66164,33948,0.6394568249143318,24.305833886577048,2,1.1701423479375734
0.025739458681789416,0.9520758409760393,6.335484408199239,4.997161130312175,34063,16980,1632,0.5679666038070527,2.5695921842514777,3,5.247019186827783
0.009459846918677683,0.6998659081685672,2.957454229452444,2.130714310877826,165212,105992,49585,0.40217732508428927,3.9542246674577277,0,2.876464319685065
0.015832364896143352,0.8225706453579703,4.06401777453479,3.0135224988882627,25116,11077,4456,0.3383456842085512,22.548308769023702,0,4.068255373499155
0.014186365165417207,0.6410610422541436,6.072873779832771,5.012928597709889,12868,6979,4618,0.48497786684868344,23.17232535735876,0,6.767453606908351
0.0014081029272712065,0.7708792891019911,6.184645067466382,4.779201162852423,68753,41377,15752,0.4854967928298245,6.130794973122206,0,6.4519215698507715
0.010565921143030618,0.7242119128027116,4.3277009874883765,3.537679322402601,138851,59962,38293,0.7606098857903261,7.515858900751576,2,4.068331220762991
0.007628581230953439,0.7474066111125682,6.38122991953759,4.526155190341427,115361,62280,29139,0.7355645926300702,11.253061951794555,2,5.205078468892641
0.015448419648122633,0.68761274216925,6.033529343575682,4.718990323444244,158857,76048,49624,0.531941939639254,2.9182182489662782,2,5.4268388719608796
0.016268669480585782,0.7830304095121955,4.996349376265013,3.7465825478003936,187359,109636,40651,0.786644370866858,7.321225771966407,2,4.308569929970452
0.014744215831639332,0.9866999462505758,7.079899197746226,5.555568429962587,116776,67757,1553,0.6854761334841339,8.559733461649524,3,5.833346851460717
0.022446194285869105,0.7232682792255399,4.374121378438527,3.5590759628294575,92759,45953,25669,0.8085529851207502,3.2931587815723615,2,4.092937357253875
0.017511566146053575,0.9472723921998523,5.272541054727099,4.122921798015486,30938,15561,1631,0.7686266286925811,14.862017030674536,3,4.329067887916261
0.01850123458773052,0.5487940596346141,1.112197095185862,0.9393091467598096,146900,96689,66282,0.6822051088798291,2.2426758163543665,2,1.080205518773781
0.014399065194333108,0.916966430709332,3.421012005826885,2.4127791337915334,111749,70391,9278,0.5235290951157103,22.23626820265376,3,2.5334180904811103
0.023055220414150396,0.9406319699617092,5.364537178731361,3.8608209061529704,5654,2603,335,0.7998545737442744,19.4892015476121,3,4.053861951460619
0.02399754454294021,0.6474734966194946,2.2883134043514946,1.8614689577032408,163272,75547,57557,0.68268723181741,23.716803281960473,2,2.140689301358727
0.03484737291253946,0.7206356371163795,2.767712727455111,2.121242581894122,178542,82616,49878,0.37169422152379605,6.681302099398617,0,2.863677485557065
0.027148078527430626,0.7084977730432029,4.957911578267766,3.486162336188285,37152,14958,10829,0.5101730998542933,8.941615502241955,2,4.009086686616527
0.0022714976738991083,0.7476289756879055,3.821219178979156,3.0385703269872866,140451,91134,35445,0.3735326099196899,23.51407326235937,0,4.102069941432837
0.02654839279606429,0.9612538524655818,5.736320634867545,4.328114665495329,47025,24857,1822,0.6456761936299122,6.948579297353278,3,4.544520398770096
0.022333908558046477,0.9525957703993297,7.982626918208725,5.626695568613223,93741,46222,4443,0.5195193552447314,7.571914624449651,3,5.908030347043884
0.007918591814880627,0.967731382784575,7.429651219393625,5.253126537432562,34475,23890,1112,0.5074609803517013,20.442323874414537,1,6.5664081717907035
0.015774052752352843,0.9260714991893401,2.264602789179122,1.9071418664023254,98246,58562,7263,0.4506938298486599,15.640292369249226,0,2.5746415196431394
0.017633726661497255,0.5653387889850214,2.697809936080795,2.0065069787035146,176635,86547,76776,0.5608697656776367,5.864461200431608,2,2.3074830255090415
0.013063107848317216,0.6959916789638486,1.401742905817915,1.1038670536306971,26673,16062,8108,0.3091632591843188,9.79572983301432,0,1.4902205224014413
0.02805244784248903,0.5379666571582691,2.9761968394750413,2.34463157322903,23646,9510,10925,0.6804460627740789,17.21088161572866,2,2.6963263092133847
0.0023056298290957153,0.6804425526236152,7.853222885541672,5.9928767201713695,107326,72228,34296,0.6944940317261661,15.387613015857141,2,6.891808228197075
0.02812535916559647,0.9235394705634269,4.198216502160868,3.2379427182083322,20339,11036,1555,0.7163102126377928,17.849785081402437,3,3.399839854118749
0.030363795782183314,0.9884364985337434,3.988008301565627,2.8580964057912643,92508,48580,1069,0.7827621726744437,6.69187588301591,3,3.001001226080828
0.029099796722734224,0.7732674586808719,1.3822721224942833,1.1690936858558894,185388,96496,42033,0.5765126053852868,21.30742438681967,2,1.3444577387342727
0.02312832953309049,0.8013816686303274,2.229704699691375,1.7324325767908895,85691,59296,17019,0.4107734700673437,2.2194971205462126,0,2.338783978667701
0.0035602487423479715,0.6841677079391698,6.7438125342219095,4.727893503037706,24423,13324,7713,0.39854015505958296,22.496222111250717,0,6.382656229100903
0.016652082686584115,0.847738958317217,7.885981082464062,5.5795390372392415,68879,30127,10487,0.8287779972330016,16.62594761132398,3,5.858515989101204
0.027039526472526075,0.5388144435041017,1.3294086562201324,0.9344642203299824,57797,31228,26655,0.6332432483487156,11.852091413083464,2,1.0746338533794797
0.0019216261794319255,0.8839157362680754,1.0735925717915744,0.8742086999231121,54597,28928,6337,0.5945483602037891,12.970618030206037,1,1.0927608749038902
0.01423309303319692,0.9348380223314765,7.257534574689934,5.4458540338528465,84380,57683,5498,0.3314801814342452,23.412968253389433,0,7.351902945701343
0.002717251341015423,0.7681793246161953,7.2330866360076005,5.348203147086205,88732,50927,20569,0.45540264713525136,8.417190677999322,0,7.220074248566378
0.014768931970790409,0.9894085385496707,1.3847641478787545,1.0895064986996539,185775,82921,1967,0.5417596179750943,13.74058302096815,3,1.1439818236346366
0.009798941884393817,0.6550639941284639,1.6087691417915315,1.1993099939684713,29502,18110,10176,0.5161001345826913,7.950351790559593,2,1.3792064930637418
0.012804533697115206,0.8891493492054199,5.376512875220067,4.519743865043373,79231,33863,8782,0.3887962273181066,24.097164963741175,0,6.101654217808554
0.019276364883771775,0.5069563508911447,2.803423991344704,2.1516042276211587,167403,104561,82536,0.4172281656226652,21.9450791523811,0,2.904665707288564
0.03349866700395557,0.6159904998639862,7.178308202620721,5.129237258801899,188683,130802,72456,0.7693244526666223,13.461659650767455,2,5.898622847622184
0.021510344371257015,0.6113579162442345,4.8065094927422285,3.8656137262226653,135193,57750,52541,0.6674017879086578,5.066516775879228,2,4.4454557851560645
0.02996276147852219,0.900423614856054,1.0956317982942658,0.9141502004568751,63655,33708,6338,0.7299789042607995,13.13597973975837,3,0.9598577104797189
0.027996491309042734,0.7824795625385343,3.3944860426028876,2.788559460857807,41160,18779,8953,0.7128291512092695,7.4279219359124635,2,3.2068433799864775
0.0058805217020881095,0.5908503366832866,2.274441902172988,1.7670808549597092,47863,33029,19583,0.6141595511796025,21.858926289155843,2,2.0321429832036655
0.005741308030975446,0.7789111669334196,7.07585738711632,5.571996147999277,92201,47171,20384,0.3508472343703866,12.531706787922642,0,7.522194799799025
0.014412299288521158,0.9248594893656842,2.7079671164673056,2.288259656306388,40362,22808,3032,0.5826754956798894,17.872831706686185,3,2.4026726391217075
0.029473286232837705,0.6582649447566655,7.223085330776716,5.230200275183909,112669,54084,38502,0.3657419782508928,7.2973421677061845,0,7.060770371498278
0.004617999938696717,0.9026586843228412,1.9727829432063722,1.6020864415025406,10470,5730,1019,0.4764034702713642,6.421932124766114,0,2.16281669602843
0.011521964669012431,0.9777030936770151,3.87779391896394,2.9731314185427813,34661,20529,772,0.7324824104672722,11.317485255520705,3,3.1217879894699205
0.001092077093895371,0.9164737830131423,3.666232538372638,2.8391539742426057,70185,29423,5862,0.6278784572524434,19.01036707610008,1,3.5489424678032573
0.008172976281078315,0.9123947836959593,1.21247663873103,1.002199154808685,13177,6494,1154,0.8158041899917869,17.57433423344839,1,1.2527489435108563
0.005046724352766797,0.5337746602859779,4.384848955532584,3.21415352330738,80020,45086,37307,0.3691039208267727,8.663743625978936,0,4.339107256464963
0.009117560216924819,0.6046359987002673,3.8780103553599092,3.1241434382993654,181844,92741,71894,0.5150045847626392,24.458500177014432,2,3.59276495404427
0.03345865613388835,0.8920674155485172,2.6916124457342963,1.911598224221528,46269,23486,4993,0.4472858609874486,11.94131436860369,0,2.580657602699063
0.004110575625173597,0.8658355702756599,1.0881748089025087,0.8669192275308603,18731,9250,2513,0.33349804877935046,18.136001108867674,0,1.1703409571666614
0.0013341367873727869,0.7004994678546594,3.30565488511453,2.657768446695201,48481,25852,14520,0.3753790415554855,21.830862736404576,0,3.5879874030385217
0.02874713999908489,0.9821141183096102,7.3682058069887875,6.099169042840483,104340,48783,1866,0.6642748524467703,16.02268389034288,3,6.404127494982507
0.03211334745266102,0.5766174494059888,6.26258714510853,4.917635761257982,37940,15199,16063,0.44338982577306874,13.920433575840356,0,6.638808277698276
0.025555347354903973,0.5853367792737442,4.828168216512031,3.8971474822159062,82511,33674,34214,0.5470974871561002,8.818232418115521,2,4.481719604548291
0.03260808666184516,0.5610605589823804,5.567331688550625,3.9411584458444953,19799,10675,8690,0.37330634194519524,23.338151860734367,0,5.320563901890069
0.03050187132925413,0.8467340870128623,1.7434967931191934,1.4233586809367405,155145,103935,23778,0.6456238267025444,12.088927424027643,3,1.4945266149835776
0.002317735808842204,0.7447786842502889,6.3534336948756245,4.700483975084283,51705,28883,13196,0.3189072720934489,16.696149505385545,0,6.345653366363782
0.0037692052382994126,0.7131571512267094,3.048585683671855,2.3834275546437853,20994,12753,6021,0.7372563453106588,5.757152344092599,2,2.740941687840353
0.0045466449699639935,0.571302586565806,7.139892933289512,5.5636072699207,163376,78443,70038,0.8008657474611387,12.020457520812679,2,6.398148360408805
0.005388930634843701,0.8637263907996326,5.5017304683249515,4.111781592470319,62241,29704,8481,0.3746138069382078,7.98110492580598,0,5.55090514983493
0.0140919738944447,0.9620615641948564,5.2726324184718445,4.351219170575213,109601,60510,4158,0.6146945789810734,23.44400725757535,3,4.568780129103974
0.030179030893219015,0.5835945510646057,4.057304724929525,3.1225019769042697,149375,72258,62200,0.8118697405593192,2.5668213066354215,2,3.5908772734399097
0.024687425587688695,0.8554099314605803,6.854650041872795,5.800171098531535,73653,29939,10649,0.3504776835591467,17.661925702282254,0,7.8302309830175725
0.030897031754327065,0.751971235520329,4.774337556595431,3.524721613138674,66720,41735,16548,0.6236011290697112,6.891278589760885,2,4.053429855109475
0.0042986194200610416,0.5314769021699917,5.148872466500144,4.241410972343779,68745,37059,32208,0.7313492146186944,23.778244515843543,2,4.877622618195345
0.010355783824594313,0.695000569726571,7.520352948176765,5.645789501558118,63032,43763,19224,0.6639959007159336,20.788476658595872,2,6.492657926791836
0.0264845491835169,0.8427717862316066,3.148517510868628,2.230926636009231,151692,66376,23850,0.6605304845153619,2.915333928720009,3,2.3424729678096923
0.02132119940779761,0.9261509835773005,7.235825038027435,5.552451327044913,65726,36030,4853,0.778143765545791,18.947008482284595,3,5.830073893397159
0.01803536805747652,0.7806526611479925,1.9605900263180975,1.6481684745848308,9551,4517,2094,0.6028138489977504,6.427342464624022,2,1.8953937457725554
0.0044638779807449225,0.9464490456820591,6.743552529624764,5.48928706343602,176065,102421,9428,0.6475340875857869,14.122153599328966,1,6.861608829295025
0.020806148432985026,0.8350562184360386,6.271831930257719,5.0746512214919965,196349,102169,32386,0.8212878363079514,11.121583210885584,3,5.328383782566597
0.005245582614801371,0.757468111917468,1.7664368078812351,1.2902548796398876,124156,61832,30111,0.4922879193442472,15.715969442425846,0,1.7418440875138483
0.010323238230220997,0.5130380993780652,6.146599626711172,4.879462666898492,32867,20202,16004,0.6778177892519307,22.54161605041687,2,5.611382066933266
0.02444018255162504,0.639060992090359,5.8570421331301254,4.368603886261421,102352,67304,36942,0.8295029211236264,16.45198370363722,2,5.023894469200633
0.007259444994272538,0.551768669269976,6.6899568007573045,5.263748134281149,169404,107476,75932,0.6868024752528483,21.192539815690225,2,6.0533103544233215
0.0029112727856358683,0.8662851120057873,6.955969301254668,5.167730496581253,28104,11403,3757,0.5375941543048924,2.759274525707527,3,5.426117021410316
0.0334338495858979,0.6028598424165452,6.522489167642156,5.323563120658932,75871,35706,30131,0.5719039460751669,23.041203849928195,2,6.122097588757771
0.00819828865303101,0.5706776103478707,6.3128378229782145,4.893035963880646,185175,85630,79499,0.7145460971091713,7.8277261730746925,2,5.6269913584627425
0.03143260301150273,0.7812252767002613,3.455443361072185,2.8504092643949437,66554,44823,14560,0.8104078302011595,5.804663498953414,2,3.277970654054185
0.0010789958084856293,0.9821261606697771,7.342962752892356,5.201143772114445,118606,56420,2119,0.8034094672086007,8.11076799192406,3,5.461200960720168
0.03145773487304662,0.5507027811868265,5.595938916797566,4.678472575698354,17191,11870,7723,0.5490858482285315,23.751447494143562,2,5.380243462053107
0.0240118814834216,0.6477775662380403,2.318117674419745,1.7282964089430863,39808,22785,14021,0.5831313292132239,13.804991605120172,2,1.9875408702845492
0.004645561403088574,0.7075061845321731,4.166567314445992,3.3751129619831683,68668,38694,20084,0.3477306247357448,7.447537823720564,0,4.5564024986772775
0.006607756912992857,0.5610613809626711,3.561295090324653,2.6154472561734736,182763,110535,80221,0.6458037082829962,8.120331476358098,2,3.0077643445994946
0.0023262183059358163,0.7232277231751533,7.236817192834927,5.683974167742386,175462,122382,48563,0.3899889122760519,17.910885700265595,0,7.673365126452222
0.02392598150580084,0.9801781692055564,7.899205137669602,6.343075879017582,105846,70505,2098,0.45126362486828875,7.14309025523129,0,8.563152436673736
0.030141295946737142,0.9003824785917129,4.1384252936724355,3.2005994773877355,160917,85499,16030,0.47070398900946603,19.528981270357466,0,4.3208092944734435
0.03283000318166118,0.9609679210248859,2.223468994124537,1.8481731033099826,25104,14741,979,0.5607419452593216,22.140757934480437,3,1.9405817584754819
0.01022864938538581,0.5018141793478843,2.1379284415199056,1.6086381197008983,124415,79303,61981,0.6743083663763608,8.889795351142638,2,1.849933837656033
0.016563289783651257,0.5468239609395843,7.287025113740706,6.123387207784438,31498,16428,14274,0.6278239775127059,4.471362710464887,2,7.0418952889521025
0.001575035197334649,0.9456865694163477,2.8874100613702796,2.3761985866945152,98144,62973,5330,0.3422376263577037,11.5152387339307,0,3.2078680920375957
0.024082169464418695,0.6160308168735282,1.587737944127087,1.2948053492193616,20733,14441,7960,0.4893694183259776,3.420534884674593,0,1.7479872214461383
0.025967901201400058,0.7556493752380904,2.4924275197239454,2.0369596905809777,91489,46979,22355,0.3486183319307171,9.871187069914804,0,2.7498955822843203
0.03436703336420353,0.8085449616770094,3.9131266248431045,2.836941581074367,141491,62442,27089,0.32989145409176135,2.4262183726696653,0,3.8298711344503955
0.005883126854339753,0.8223952480329967,6.092339545975476,4.983386661432289,173913,85524,30887,0.5657240550610247,3.4532112277852094,3,5.232555994503904
0.02177881178918237,0.9820301665011213,3.525644179646018,2.8660917735597833,150693,63473,2707,0.4988471032696261,14.300387724467427,0,3.8692238943057076
0.03487163276351772,0.732521445684996,6.712397299800265,5.133709201502164,22194,11476,5936,0.7900619256319663,20.713002707449185,2,5.903765581727488
0.025308396000760427,0.6219105612390425,7.371516584766511,5.3308033569839965,7147,3059,2702,0.3091693528297982,22.091288077639938,0,7.196584531928396
0.009040147016115614,0.6036383071480663,6.152247802982458,4.601896226386855,14479,9622,5738,0.827496333255322,6.423966352540047,2,5.292180660344883
0.0253906743181411,0.8255262896367843,3.4036445270220077,2.3923022017180267,146522,58987,25564,0.3109851129179155,15.49183996030489,0,3.2296079723193363
0.01648342677842999,0.7538275209651747,1.0522419829205358,0.8032846790677213,45736,24368,11258,0.7027205634717222,7.3594361811272,2,0.9237773809278794
0.028646828152378668,0.7883313078221916,2.4753416960093437,1.8206337968335655,175715,73939,37193,0.6180201096728093,15.745546116984709,2,2.0937288663586
0.026123635481882058,0.5142932472224642,4.7886675010368105,3.3900706666657427,148377,68442,72067,0.6447414465356642,10.251077742486439,2,3.898581266665604
0.034851936006927875,0.735289922478325,4.401199243327293,3.454403439117191,39160,25872,10366,0.7974490463593717,2.0171972925222144,2,3.9725639549847696
0.021200637310236744,0.8524572984223057,5.331228877203244,3.7971782422130715,58693,27805,8659,0.80316318241841,9.71435671041598,3,3.9870371543237253
0.03337697649413466,0.7611970921464084,5.420810650733122,4.236044057143413,120631,61853,28807,0.35453036175269315,16.32794301621778,0,5.718659477143608
0.016193722636814924,0.881212636069759,2.543293366995589,1.8430863216223023,96009,62975,11404,0.8134692508036792,23.449850772583808,3,1.9352406377034175
0.005257820871377389,0.6872064024304179,1.1976013175549447,0.9919429938682359,20791,12252,6503,0.6931941409425088,11.886427404092574,2,1.1407344429484712
0.011419039442708261,0.9714843259568129,7.75141757516698,5.762523625122947,51531,32621,1469,0.670380850901288,16.133487585869428,3,6.050649806379095
0.0313439491943684,0.5385270883849814,3.3164033604613663,2.4449955670941894,167735,78199,77405,0.5933195993523075,24.907853929316094,2,2.8117449021583174
0.028218227574309425,0.9143646248959665,5.446854911513566,3.8467540076120224,50406,23705,4316,0.31080831551076626,22.226040306565498,0,5.19311791027623
0.03383073426695006,0.6673694896454683,3.3695481559783103,2.3622681398832808,64557,42442,21473,0.5243658001023126,24.54600777977948,2,2.7166083608657727
0.023103849596253265,0.8635910014210826,1.2205913015754812,0.8766784593707472,127357,62745,17372,0.5027988355089653,19.703822620828245,3,0.9205123823392846
0.028571796550868764,0.696174747151517,7.630070552044483,5.806250268643648,21939,11960,6665,0.7936427795871462,22.87850860395411,2,6.677187808940195
0.0039721714676168515,0.9588817323420106,6.77874389064291,5.549734623987127,196735,110684,8089,0.8325148624745979,5.400606070834827,3,5.8272213551864835
0.032989793094820107,0.5896175960036476,4.972102456162607,3.7616498649071723,107302,61455,44034,0.6548325458154969,2.3902899742557286,2,4.325897344643248
0.033652470337152435,0.5218481654397306,2.001433669063817,1.4052109374295219,112112,45328,53606,0.32723194633626146,15.785247504123461,0,1.8970347655298547
0.01261693550982744,0.9671250223784706,7.3223348350594994,5.909533814527915,135364,57078,4450,0.6764394485881191,13.574069541748592,3,6.205010505254311
0.027015060895282977,0.7377924106902405,2.0456714535850247,1.630888129341264,104122,68510,27301,0.4171694259137953,15.978904087958405,0,2.2016989746107067
0.0038488930666408954,0.8150998868346145,6.337738264428744,4.992487621422439,112724,46149,20842,0.3656968861803572,16.312968518702604,0,6.739858288920294
0.03277028737264547,0.6012018579462831,6.145183043735692,5.1003031879307,40031,22580,15964,0.600436180071968,4.057881824638907,2,5.865348666120304
0.015211458907235062,0.9181095512979289,6.993075353962622,4.999249218084028,102247,64351,8373,0.34349181153715647,12.292566463088686,0,6.748986444413438
0.004464319635032796,0.5078009309587713,5.313280756488181,4.485069997347715,159591,101607,78550,0.42852974685394996,16.701642075969076,0,6.054844496419415
0.009013206175580088,0.8496935387249553,7.115746241925241,5.11636578318851,84622,44457,12719,0.32447997160189423,8.650144523631504,0,6.907093807304489
0.016343696024039758,0.5573216927287762,4.17287222528515,3.4550396052379555,100310,55355,44405,0.7480437808142545,23.531749955672918,2,3.9732955460236483
0.018459607469220183,0.9656368195695895,4.749822793192209,3.605726204651099,12526,6291,430,0.7430064556723228,9.788058269590548,3,3.786012514883654
0.0028847216240019506,0.7715519489923477,5.1153162742637015,4.297791731092175,84888,57327,19392,0.7995909656336553,15.90520453593957,2,4.942460490756002
0.01894391022143922,0.7731460739101639,7.848315653740735,6.404030572334151,20882,10264,4737,0.3928726091518694,12.595474208064843,0,8.645441272651105
0.011440983274248456,0.5172280326328851,3.2620165209559207,2.549645262741915,71983,30564,34751,0.4641712039412298,17.464322732440472,0,3.442021104701585
0.0121778443368513,0.6362749621013637,2.2910463340898546,1.7747074117539212,43170,27104,15702,0.41329350130366027,18.313810924237664,0,2.395855005867794
0.0017190939938801538,0.7052771592121335,6.431055456419508,4.828500383018995,75400,51542,22222,0.8043922287083973,15.418802948314095,2,5.552775440471844
0.016728750310737266,0.9009672496252971,5.78328453839411,4.207539702409096,122369,64692,12118,0.4039421129841463,8.481339059119327,0,5.680178598252279
0.010095919028443642,0.7544114175556955,2.6405906347451285,1.897356720731733,149407,102064,36692,0.8370693136313381,10.653964574599705,2,2.181960228841493
0.03239172471447382,0.7669640910799815,2.8881972611163693,2.326037992146952,122243,65531,28487,0.32092704807055,18.75865151328868,0,3.1401512893983856
0.018954314751690685,0.5990196586823952,1.7705163212674004,1.3411805953776244,21138,13542,8475,0.7326976581034474,13.723699731628134,2,1.542357684684268
0.011202280818784958,0.5741194993867111,2.9927231719252454,2.263682888524329,105814,70265,45064,0.40724820563656083,9.20997927646836,0,3.055971899507844
0.022098932798797596,0.8127915319140581,5.89569318691157,4.226043234876676,168898,108187,31619,0.5565060269775017,10.318319913485984,3,4.43734539662051
0.004685612672365173,0.9292071808712404,6.48212020319532,4.70094839978087,25365,13854,1795,0.6438003539775907,23.762298561799007,1,5.876185499726088
0.02071222901992431,0.764706460721523,1.3522605305426476,0.959342465914138,133411,80579,31390,0.411580246752829,19.149451647971546,0,1.2951123289840862
0.03485104802717203,0.8261687453067204,4.454359986510144,3.7348743818809944,192871,91554,33527,0.5047689042151763,7.857266615469123,3,3.9216181009750444
0.017624331498907374,0.6996298618637958,7.905986435455286,5.600513449643441,136001,66747,40850,0.5529899183229554,8.424808161360868,2,6.440590467089956
0.01355929959147387,0.5781745787773276,7.19891610509942,5.050050889438518,107795,48641,45470,0.4087296667129682,9.332798426079108,0,6.817568700742
0.02117887813794295,0.6029577102107051,1.8143220899328285,1.5340411374798526,44339,20942,17604,0.3086327480779538,10.282291507988605,0,2.0709555355978013
0.004053952400470562,0.6258467184853407,1.647616348281661,1.17827840467049,162541,103184,60815,0.8156146448195076,17.914329355131613,2,1.3550201653710634
0.006298952242749078,0.6192868822150512,6.8953561161118015,5.043235270799676,58915,34363,22429,0.30069744230351964,22.56216555208654,0,6.808367615579563
0.018738201246475225,0.6287081703119375,6.370954242609411,5.3452295461289205,12373,6442,4593,0.32817336302237227,13.41985471130391,0,7.216059887274043
0.0051928286965599365,0.6964754600772923,3.45496851594459,2.818998684575997,43192,20748,13109,0.5861070342481371,15.012066599630732,2,3.2418484872623963
0.0015205599453147847,0.8824806356522605,3.5312512289777267,2.687150756143379,191278,97554,22478,0.3581927636710828,16.44875173314001,0,3.6276535207935616
0.005126645434653069,0.9831077426262097,6.464774522815036,4.9037628009461605,55182,30238,932,0.3021779686566785,13.526742823522278,0,6.620079781277317
0.014048263571231914,0.9763188743825331,2.1141135879568087,1.5921878415099426,5834,3017,138,0.6662069552085244,6.956795723598683,3,1.6717972335854399
0.008516432795675722,0.8573133647654181,4.502033630747258,3.4317802638639243,63408,28535,9047,0.7385813046679154,18.56256067084375,1,4.289725329829905
0.003928616232667234,0.7272668140904444,2.217841796652625,1.6647598622657993,68079,29592,18567,0.5137470200839065,2.8560992050945706,2,1.914473841605669
0.03219842367290461,0.829824560581019,7.935241665752532,6.605481437623443,130266,85384,22168,0.38613704819095745,24.419481870732493,0,8.917399940791649
0.02964629979955366,0.7454295368859036,7.869949974454176,5.623917480131318,117551,78741,29925,0.8174839484878167,17.429892401043837,2,6.467505102151016
0.02359040874415105,0.7218496254772826,6.848781571805953,5.782028461139871,19779,11512,5501,0.7672084458710142,14.447686612739862,2,6.649332730310851
0.028331236132459973,0.7493537750353805,1.4371099248174688,1.0887430559372495,193925,110662,48606,0.7772477340428008,11.938673446444374,2,1.2520545143278368
0.03386408618759277,0.7215853990498419,1.999499456675193,1.5164507843565027,186446,114731,51909,0.8459440516490786,18.06177333942626,2,1.743918402009978
0.010989012002247136,0.8293057448476273,5.915097356378327,4.470388345064726,63645,40406,10863,0.5434601665432383,13.161135073880295,3,4.693907762317963
0.027448919829450254,0.6873580322201976,4.1018914172604015,3.102787860347473,137903,70173,43114,0.6306001420679666,21.517950693671935,2,3.568206039399594
0.03121383187044159,0.7370864853162794,6.098957411096067,4.5587766354908466,105128,71489,27639,0.6979440153320988,15.275293553136104,2,5.242593130814473
0.02302248185030081,0.514356727120675,5.326720758931878,4.135806255031817,152520,64518,74070,0.5344637445718843,12.173715535154955,2,4.756177193286589
0.023734810086528363,0.6545540317167549,5.778194958469138,4.800081075680321,132152,91670,45651,0.5125024754252439,8.14694975838242,2,5.520093237032369
0.015331380205349878,0.546254763192891,1.8799413455848097,1.4328256968964372,85771,57474,38918,0.665649894893949,4.420049770477904,2,1.6477495514309026
0.023848671914138194,0.8113596811444562,6.640347428053319,5.470233878803559,172558,83190,32551,0.8390030047582493,15.713947230352147,3,5.743745572743737
0.02513106088323469,0.5036053365164531,4.627440125277646,3.2652573300509222,75198,47582,37327,0.5457310220795163,12.29250569963985,2,3.7550459295585603
0.03347077926679673,0.9506211049337563,3.178363164628064,2.3245236136071212,144608,78047,7140,0.4321347601553671,12.805499393319677,0,3.138106878369614
0.0164858294482163,0.7852509533792236,3.497393432444759,2.5343531613721177,16539,11160,3551,0.6384982812114233,6.431895177938263,2,2.9145061355779354
0.021617127977423798,0.8319570435775869,4.680392356782578,3.7804243326060525,146932,95253,24690,0.8323255112732455,22.466237064031148,3,3.9694455492363554
0.021418182119018105,0.7597256462140666,1.1948873588381042,0.8806301517332851,90990,56401,21862,0.5795955181605257,24.812131226663496,2,1.0127246744932779
0.010047670509756173,0.9082639132948724,3.9875326053574356,3.1793007015264156,153531,95964,14084,0.6813704693859742,24.784782954960118,3,3.3382657366027364
0.010448298283583703,0.7441127565952498,3.3067128964179773,2.5332412274117933,76017,40449,19451,0.6018289225946565,20.314570707684425,2,2.913227411523562
0.020824301270352886,0.9705068554675841,5.622350813598893,4.376473958172147,144143,71260,4251,0.5816487171842653,23.63587431763433,3,4.595297656080755
0.0026245663991677826,0.6725931777846652,6.99600392078335,5.312822546095694,146222,77123,47874,0.5120538758204181,23.05457263373418,2,6.109745928010048
0.026905768775265303,0.7475066223145631,7.918593967050998,6.095667354760585,49194,24641,12421,0.6227114654320386,4.366817031866015,2,7.010017457974672
0.025824426384398448,0.6897505636197028,6.490839659258801,5.023484375237244,122491,75507,38002,0.8177034108987389,22.277613031034445,2,5.77700703152283
0.01851653568869927,0.8795797836985786,4.935013276793095,3.863649449081656,73921,32365,8901,0.5912434882623516,8.183815534517151,3,4.056831921535739
0.0017152546836559336,0.854191209911104,1.2274061768311548,0.9687812945361565,44601,31213,6503,0.6423067623102459,11.912721071115381,3,1.0172203592629643
0.010797593778054348,0.7959210173944915,1.3471545575406028,0.9621406794590708,89981,44638,18363,0.7986593133235995,6.398568968750792,2,1.1064617813779314
0.021924583111119507,0.6988000678486643,1.2875765546888869,0.9683776628666744,137139,83288,41306,0.7857561791079848,23.80856565509055,2,1.1136343122966754
0.01754953564397873,0.8441392399156564,6.963784774890892,5.247151500133381,197317,134216,30753,0.7214932043065647,17.13284795770562,3,5.50950907514005
0.029012476975238587,0.8172846998293799,7.782610780220038,6.281296069405449,164009,102691,29966,0.6421050538449393,14.421824404210502,3,6.595360872875721
0.0264868856691843,0.8565058873617784,5.4091068012822525,4.078295665340608,164826,113916,23651,0.3618122627603392,8.175613096815212,0,5.505699148209821
0.017741659812947418,0.909997546210455,2.1457296461080952,1.5911512124861449,14964,7327,1346,0.5259490175620853,7.007095373716346,3,1.6707087731104522
0.033844729610427095,0.5640108469631062,3.602857491964936,2.5359643645725862,171526,95590,74783,0.8296268970567464,15.976769744168653,2,2.916359019258474
0.03443516549565947,0.9121425813800463,1.2517602934938896,0.9998559760575363,106827,67455,9385,0.8033263512226929,21.653855025947237,3,1.049848774860413
0.02422796915015382,0.5256431000773248,6.479940325906602,5.357787168007982,47438,20268,22502,0.770071272761345,16.502788710911492,2,6.161455243209178
0.02640602869334471,0.6026146587027086,4.759584189130725,3.8580374764564884,31442,17026,12494,0.8278810825407432,17.551618669429242,2,4.436743097924961
0.03186352720820209,0.8575875506711038,6.148244700183782,4.377567075571976,127759,83360,18194,0.6050412701661297,22.737518278186283,3,4.596445429350576
0.03249056153809731,0.5044581088275802,1.5278852319495178,1.1268975732048054,21709,11937,10757,0.3337391309661274,18.434933960142594,0,1.5213117238264875
0.022195998865432998,0.975571788656963,4.912672681892639,3.6867597156230905,175781,96406,4294,0.34736386077850556,14.860143098648273,0,4.977125616091173
0.01809463702278714,0.570773877235988,4.0944634918265255,3.0713213393412433,182484,99474,78326,0.4620318331172508,7.950216617458594,0,4.146283808110678
0.0018804663884824952,0.6397537548801328,4.877789649147924,3.415624292811496,73515,50471,26483,0.4320833778121078,9.441066115951871,0,4.61109279529552
0.007249638242381709,0.7826987004389714,2.0838897625321846,1.5700631706107997,107390,56495,23335,0.6091609854427762,2.13488874140471,2,1.8055726462024195
0.0036693355274227354,0.9318164532038757,1.5451529236390353,1.2454249930158117,50687,24390,3456,0.5037702903827328,15.085192334428475,1,1.5567812412697646
0.030978104967711882,0.9615337377576059,6.1769427367788765,4.404116711146152,115545,61388,4444,0.48683094016377293,18.537447192746495,0,5.945557560047305
0.010757551182032473,0.6224449271511411,3.4937492622264608,2.5384962296923774,132602,87029,50064,0.7119494595727263,8.263254135164903,2,2.9192706641462336
0.004995062567220693,0.6234791286055952,7.445295157383136,5.861221693872825,146488,82796,55155,0.819455028335121,6.882382851566832,2,6.740404947953749
0.018684584824679287,0.7326133522928243,2.8087485350925907,2.31100735506189,19691,13409,5265,0.4695936669219093,21.99944688376202,0,3.119859929333552
0.0269792499436819,0.6214280970243844,1.2543852382136973,0.8972330226416443,173981,104186,65864,0.6245939255073591,11.722159099124974,2,1.031817976037891
0.007829824124767761,0.6497940465471393,4.671504019532835,3.7268334766249835,18026,10135,6312,0.7500983527673692,5.948598485993989,2,4.28585849811873
0.02846626936210516,0.8395104295713596,4.891095699392715,3.936985653354605,135698,87570,21778,0.6021295008523082,23.38520962050157,3,4.133834936022335
0.03322735702796834,0.5339592079491868,4.19489407798697,3.3200630094582664,61572,26206,28695,0.5473921948874358,19.39618925910359,2,3.8180724608770062
0.028000575098897265,0.7423525558542418,7.2632329958191075,5.375883830818718,70294,33665,18111,0.6984124957989246,6.3597766963496305,2,6.182266405441525
0.03133608912829562,0.7111612548939802,2.3860212121528743,1.826984243128591,112009,52847,32352,0.5298826794076379,7.777416105902746,2,2.1010318795978793
0.011899297924560969,0.5661394581751046,3.0732373589129898,2.4150807510518493,91784,58971,39821,0.5134321608435264,20.307197060813973,2,2.7773428637096265
0.01139570833542074,0.5356941957971478,7.528477856599503,5.715489915633324,129544,56882,60148,0.4900948703698874,20.57715448801331,0,7.715911386104987
0.009375840406238265,0.530994170360353,1.9219667464444856,1.5929486134896953,115284,54870,54068,0.6054127039304997,14.13433131578306,2,1.8318909055131494
0.023284823266982484,0.614261901666592,7.050820910360784,5.2627699862308495,176172,98457,67956,0.5204851743203507,8.840046637425763,2,6.052185484165476
0.024178644914019633,0.6018173277053294,6.592639934501943,5.408968182396063,173651,104730,69144,0.7417666677842513,14.923169993554803,2,6.220313409755472
0.026190029028547508,0.8243115529853526,3.488708580064053,2.8653767648225084,106505,52331,18711,0.31367273375368676,2.0900244319139847,0,3.8682586325103867
0.008725061046288153,0.6991390805324877,6.958828171534422,5.704656916708682,66779,37631,20091,0.6638064129280086,22.775293311495027,2,6.560355454214984
0.004350592948040042,0.6137185031544209,5.962300043761077,4.910321776828901,152754,61677,59006,0.3846797812665771,18.223196514464718,0,6.628934398719017
0.00928371135774982,0.7296148869595398,5.139108042462713,4.28101131214292,5486,3556,1483,0.535217997203293,15.709470415313687,2,4.923163008964358
0.004048175862013087,0.665305948395067,1.6279064331039206,1.3743299850010722,50853,27574,17020,0.3022584115935966,2.2533072417189715,0,1.8553454797514475
0.01516562527206752,0.5759542470342097,5.651154599652817,4.556638353672714,105300,42240,44652,0.43096866378969934,23.584295729439376,0,6.151461777458164
0.00681692287314351,0.5554892913035118,4.991310510598631,4.139176877474941,36113,25220,16052,0.6735444347458961,3.703722865840298,2,4.760053409096181
0.034756292477187166,0.6998681760222933,3.0118177369183776,2.3603069788664772,32862,13997,9862,0.3007855886935472,12.340417117166034,0,3.1864144214697445
0.02945335635570414,0.7804344409587375,7.994451092604086,5.940092986778471,189544,84901,41617,0.39023497354593434,8.5592917082311,0,8.019125532150937
0.027956561539299925,0.9438208274118595,7.825610187953769,5.750598374115657,51926,24887,2917,0.45798274138616246,13.760799065311053,0,7.7633078050561375
0.02842731906196171,0.5244336424821476,5.223829485541722,4.288851357246465,173361,70125,82444,0.4719923123278019,15.527305254780757,0,5.789949332282728
0.005701627895761422,0.7087999617765179,4.866250481619946,3.8435226093784873,27419,18163,7984,0.8162956160878247,20.517147666389103,2,4.42005100078526
0.029919726708424382,0.7697671973037978,6.7812175849877026,5.055571216365382,182216,78711,41952,0.6785966937025117,7.975271571936689,2,5.813906898820189
0.009658497338703192,0.989115576694115,2.315481705116568,1.6722616432356492,139028,79793,1513,0.6453251043011559,10.400242303908284,3,1.7558747253974316
0.019204053407389905,0.8863157701630071,6.7267291782522385,5.67525269126406,112412,64013,12779,0.3988113312102653,4.294561827165375,0,7.661591133206481
0.0028534042569692128,0.8265976575748379,6.652753787785952,5.16455001340508,119560,56273,20731,0.8128771742035605,21.768568439372654,1,6.45568751675635
0.02513269170761507,0.73629036286529,4.6422653833397,3.9286873603037797,52965,33066,13967,0.4287564657338523,3.378278572384873,0,5.303727936410103
0.018598381811829465,0.56097276189391,7.7353711339459394,5.751161139745306,172217,73485,75607,0.5813391024452212,23.125995200191788,2,6.613835310707101
0.031739864456303175,0.5766993145737132,3.5664639006751955,2.827735848982941,142844,69515,60465,0.622082292311729,15.601089193223817,2,3.251896226330382
0.02545278965025608,0.8651683282244962,4.601167040810775,3.4492593145805244,113073,55740,15245,0.5791300019581322,11.228809413685745,3,3.621722280309551
0.030072665122969397,0.7116400802614561,3.7026943218623902,2.9750169659204073,108602,44072,31316,0.4798537226728562,16.443050912886882,0,4.01627290399255
0.010356467200298175,0.945697480576351,5.4372262328270935,3.864704326435384,43677,28907,2371,0.7480108666624266,7.380224877925852,3,4.057939542757153
0.007821491064983498,0.850417020637476,3.2046644334313164,2.39055090313542,37328,25659,5583,0.576689930149385,3.9070353720730666,3,2.510078448292191
0.022080045338231886,0.6667092672811159,6.991476327139084,5.349889726579247,131913,59913,43965,0.5670969037176691,18.196037792477867,2,6.152373185566133
0.002012877137109154,0.5047918963498234,1.5258603710815646,1.1907036288414,107781,73609,53374,0.8124522836146035,6.758053134712619,2,1.3693091731676097
0.013179447402264476,0.5732057003423484,4.5698955551944795,3.5146490113190896,19274,10467,8226,0.7591946856004153,19.385386730059775,2,4.041846363016953
0.017435676041782144,0.5547016054040702,1.807820715200857,1.48283044681143,145497,76608,64789,0.42634395602577746,6.5901471656065915,0,2.0018211031954305
0.002284673224253109,0.8152511652841827,2.8375720333821595,2.0085812567989856,100696,48558,18603,0.7406402369463373,10.6751122110376,3,2.109010319638935
0.03171342422177198,0.5341484413977586,1.4075225845273776,1.180982702863199,79804,38909,37176,0.395016525054598,10.725408758696291,0,1.5943266488653187
0.03196836371765163,0.8015204419080013,3.8836258402858457,3.262873374285912,14967,6759,2970,0.7677814085873866,22.190488153380976,3,3.4260170430002077
0.019680572817809546,0.8215277277491166,3.67566124010144,2.7283284635511285,79495,52352,14187,0.6597426541256612,13.766584044870632,3,2.864744886728685
0.006403442072701834,0.5261947691763609,4.119842531727225,2.9143866369254803,38012,19569,18010,0.7164540158250832,9.029915427232218,2,3.351544632464302
0.021161411832892694,0.7634649256599992,1.0329869786556882,0.7343074809289447,107944,67895,25532,0.3750766566459702,7.259427281845877,0,0.9913150992540755
0.03100483357231664,0.5098596437080063,6.269089964781832,4.833882084399854,127611,51316,62547,0.750669027031571,10.275972714641028,2,5.558964397059832
0.01938603146421846,0.8318773363044731,5.91840703506541,4.991566790376558,129210,64051,21723,0.8329323241452649,23.460786020521336,3,5.2411451298953855
0.03060282991928691,0.7066966194061002,5.839112385346603,4.878136938027761,119476,71463,35042,0.5589490306512439,6.575384935285882,2,5.609857478731924
0.021457344693095817,0.5297347037858343,3.8933972190983455,3.0446064162694637,55762,25106,26222,0.5084532082480098,10.132227843542326,2,3.501297378709883
0.0055039444366070615,0.8294184997314445,4.560843585105632,3.6859297240189006,133792,87029,22822,0.763393979593491,8.973788456472523,3,3.8702262102198457
0.015601228500675888,0.7306459141848093,2.101601083449373,1.4809146808419351,19963,12789,5377,0.4918186860678486,17.959160312397167,0,1.9992348191366125
0.0064275137302969645,0.9391779605602562,3.831437451163366,2.9438613727715466,45969,23153,2795,0.6418290211259463,2.8923874587644116,3,3.091054441410124
0.0073502659598583975,0.9073104444940718,6.36737849436835,4.792066155976595,179428,90401,16631,0.7597386244694333,4.329350848113147,3,5.031669463775425
0.023980349176227166,0.621875442957406,1.1084876927833323,0.8036698058945411,147233,67352,55672,0.5773449034361673,21.909835836572835,2,0.9242202767787222
0.009205889930474997,0.5384827589684713,3.494833150947653,2.8383209629417845,139693,86889,64470,0.47035328692030665,21.75129658901123,0,3.8317332999714093
0.02481546542442817,0.6968885947148307,1.5341171792185568,1.2424892163469097,15435,7949,4678,0.38372551765427676,17.334303674118505,0,1.6773604420683281
0.01066580182924562,0.7870313527562134,5.107375354912138,3.9166391737728037,133701,64108,28474,0.5467479253897538,14.366918957592343,2,4.504135049838724
0.023563240506088188,0.8841462067477388,3.7636509801477924,2.9992799682590503,164869,112083,19100,0.34307988033207015,17.829035146377926,0,4.049027957149718
0.027690232431080913,0.8896910460333654,1.9484616325019135,1.4947340742151738,100044,55842,11035,0.8114287652616334,13.127328621404317,3,1.5694707779259325
0.0176752692890223,0.5586759263652606,6.6185937090655385,4.878200155142568,70792,36896,31242,0.553064450761829,2.349006578067699,2,5.609930178413952
0.010647347338655504,0.713925043653494,5.436578831949102,4.172616602203439,164815,90527,47149,0.38516347489112507,6.2072272971279485,0,5.633032412974643
0.013411617267548453,0.7118942116910865,5.3622069717253105,3.8134099678445414,132337,84918,38127,0.33205141585831593,23.18674294397463,0,5.148103456590131
0.03073017812466707,0.7798356495929122,1.0629906009827903,0.7852010010756482,105211,55743,23163,0.5663014740774283,16.906348927004643,2,0.9029811512369953
0.0016241850559736148,0.8204571684959217,5.330096043504808,3.9787944641180695,176304,123126,31654,0.5650924027545232,19.38809756080377,1,4.973493080147587
0.01637867719174541,0.5211534425228413,3.1672052155985004,2.3691218271429295,155492,64233,74456,0.4301482223085049,22.46422677679374,0,3.1983144666429553
0.0013116287062497605,0.5986855603690048,7.713169231810761,6.10890929966714,63643,31428,25540,0.5673243091665598,17.274315436401494,2,7.02524569461721
0.01895361326612918,0.9750263198748058,6.067924149649841,4.44054771411186,92793,56280,2317,0.38714884209941963,20.116567327722343,0,5.994739414051011
0.011575246686851458,0.6601776988972472,1.0755887467265839,0.8660120972410041,197828,108322,67226,0.731353898225013,15.43031040154805,2,0.9959139118271547
0.003802731248645686,0.8751696449855397,1.488596394263248,1.1489065242593417,73049,35414,9118,0.5534778043983086,17.440001741978435,1,1.4361331553241772
0.006514234661867832,0.7383567696995185,6.1697732763313535,5.121086312599385,170640,118635,44646,0.7049396713782542,19.807776397115433,2,5.889249259489292
0.023310901332702628,0.7311149595647285,5.001393853528159,3.5357875638050134,131839,87984,35449,0.5781109965866207,3.7743206039794033,2,4.066155698375765
0.011410661296390762,0.8212584119360156,2.6748120392602472,1.9849223067691149,152937,73578,27336,0.7525181336677826,13.921450229915939,3,2.0841684221075707
0.016701420373108636,0.6540727118475886,5.066780106421147,4.101474223715884,194977,128560,67447,0.5747615548567631,12.085684384076309,2,4.716695357273266
0.021774795992425437,0.8058541157191725,1.9242462382299688,1.565249312825027,23263,15620,4516,0.7498178648781579,9.964118955299215,3,1.6435117784662785
0.028463135968824296,0.6746313446569531,1.7066337714522843,1.4408822829024064,65653,41435,21361,0.41579066864233716,13.533153895051946,0,1.9451910819182487
0.008943241964051264,0.7006848543586295,6.4605881661447535,5.269796603566681,56529,30717,16919,0.5592515664243138,6.043027764098782,2,6.060266094101682
0.005927705921723019,0.6248361173010238,7.401683076614392,5.306695489447334,176153,97144,66086,0.3970265507353374,20.692856799007625,0,7.164038910753901
0.019419850877994523,0.5642291322353046,6.363099711079446,5.344154899167216,182265,113057,79425,0.6497667672077885,22.124716825210985,2,6.145778134042298
0.0038131023185604333,0.9483908333454567,3.053440386690627,2.3621541606895677,60006,31322,3096,0.5107404577075192,20.277246525151448,1,2.9526927008619595
0.01651477189873272,0.583676447401635,2.870469268402519,2.2285376368287366,87600,51114,36469,0.6111610186031302,18.438153276791926,2,2.5628182823530468
0.032881956922898505,0.9470047349395663,7.6225293264818195,5.615573300781373,153362,86224,8127,0.8323833882234757,7.869191261807305,3,5.8963519658204415
0.03018798858834094,0.7677313289337506,4.986335602641075,3.7471119251620038,146519,61822,34031,0.7205539649377617,8.547818515518248,2,4.309178713936304
0.03117868320279447,0.6802468403576547,1.9997687734081782,1.6085784777475571,122517,73335,39175,0.5387268776629994,20.846840634418395,2,1.8498652494096905
0.031789792677486495,0.5586823835517767,4.72353084286954,3.5080567425599813,18285,7621,8069,0.5640593053737575,14.31353007068307,2,4.034265253943978
0.006750245329902054,0.6580004067582184,4.081552083793156,3.3672047693733305,113397,76110,38781,0.47636451510503774,14.703774309476564,0,4.545726438653997
0.0027172540082975923,0.5215017333006844,6.04261248912542,4.6327017823020125,29714,14789,14218,0.7493502659236969,11.402239397236968,2,5.327607049647314
0.012110285337271535,0.864984025648477,1.5575774933429603,1.1016502760631868,76667,41818,10351,0.495247313697668,9.376379794638758,0,1.4872278726853023
0.03377314441048841,0.8143740438092633,1.1640306875717175,0.8899321750726855,42361,25330,7863,0.5373713810146301,19.562870543024314,3,0.9344287838263199
0.03474832243177645,0.8229269937385106,1.3531889943408661,0.9684562937089554,102243,59992,18104,0.4143031128023597,13.59361183421376,0,1.3074159965070897
0.01952597732499938,0.6389185232327603,7.63897608879045,6.312617737320489,101324,69767,36586,0.6010735233006739,3.477812627956054,2,7.259510397918561
0.022854402702035412,0.7879655276935553,7.270550110262942,5.801739605707111,173369,102602,36760,0.3709700248891837,11.89727784497499,0,7.8323484677046
0.010339971115442884,0.9349982470891272,1.2840999849428656,1.0748676086543423,149938,73360,9746,0.7341098600724076,2.717911887791194,3,1.1286109890870595
0.03387342870997539,0.7580315218689968,3.122967182458117,2.3559273487971937,136708,94572,33079,0.6337546099737206,4.758202755323993,2,2.7093164511167727
0.011904925139718886,0.9251443912129095,2.6279765197978,2.0791351486938137,100707,61517,7538,0.3374056275738313,6.457149990537162,0,2.8068324507366484
0.008295203883156896,0.8616938698724279,2.3239708742871805,1.8266963353899577,150439,85164,20806,0.40361175513418013,3.2936739692489674,0,2.4660400527764432
0.0037440874425955237,0.9864577833912396,6.485087263200186,5.4364364698219045,70226,47979,951,0.5179524943704353,17.958856873553074,1,6.795545587277381
0.017636973414154128,0.7511623458028638,2.8744202022288223,2.2082520971563264,94493,56947,23513,0.7275328827452063,14.80368721168033,2,2.5394899117297753
0.022955815936884404,0.5066234631328628,2.1351950899603165,1.810084338836528,25344,15919,12504,0.8417110096428204,23.752818491194603,2,2.081596989662007
0.0077016053200041745,0.9289279875513727,5.931455454881793,4.555814419903035,102123,52800,7258,0.4070013833349512,18.82863077211208,0,6.1503494668690974
0.006241015827435362,0.9192653954310239,4.602686668362793,3.2948566819009284,183554,110546,14819,0.648297904535619,4.288413202154677,3,3.459599515995975
0.021541913897868123,0.5592707244968612,1.5508837263677933,1.2082882914756874,67451,32059,29727,0.6758889678796545,17.729165046756044,2,1.3895315351970403
0.01806256824689171,0.8811928184604574,6.8893780330423375,5.4216991675510045,171129,85158,20331,0.3521064031286393,24.44502984402134,0,7.319293876193856
0.01073280720302823,0.7076660107350514,5.549047451918025,3.9048901878617737,79877,46071,23350,0.6079965193049569,18.995350811011964,2,4.490623716041039
0.028628829728997846,0.5630039934707178,1.1286669284266944,0.9068226783549085,5840,2450,2552,0.67983842181265,15.165377697258599,2,1.0428460801081447
0.014753663831579993,0.6781696101031313,2.517699931503758,2.0152719842604285,116417,58187,37466,0.3391491299749474,4.058964526327373,0,2.7206171787515787
0.015748461329843224,0.6743386326322865,4.6129436327214846,3.4399907366872142,193467,108926,63004,0.46761850203852917,6.181594710339844,0,4.64398749452774
0.003920953198895897,0.8499183790532088,2.373639971814989,1.90724654691053,19260,8561,2890,0.6048653882163739,14.124412777381087,1,2.3840581836381625
0.025963745240326835,0.5270037235709267,7.215110522959312,5.811401816202806,7176,3860,3394,0.4063959754065656,6.838557875186223,0,7.8453924518737885
0.001783601005824652,0.9394058094547948,2.4749466555243433,1.8169327900283982,83947,36787,5086,0.6515945857497496,3.728287923084491,3,1.9077794295298183
0.0055628824950959095,0.8159307960291455,3.3776243433700994,2.723014312354353,175646,79122,32331,0.7584657603051552,6.487502860556831,3,2.859165027972071
0.031348785153501,0.7247384500597271,5.7388372661772,4.445223732536488,19318,9412,5317,0.8410525196983534,24.096439288405797,2,5.112007292416961
0.011896554520288607,0.9881854340801606,6.918858368478297,5.477272194752032,110338,56326,1303,0.5053945251299895,10.82129378598147,3,5.751135804489635
0.02944508715250038,0.8188862772149819,5.2991819522322485,3.975030067614709,147108,73678,26643,0.4696580669204775,2.461057989248988,0,5.366290591279857
0.02080734291330358,0.8424284985185562,6.977061954676425,5.030634805165804,137574,55360,21677,0.35230150624090123,3.24687011673784,0,6.791356986973836
0.02566625315652656,0.5397191863000256,6.01517087091153,4.435849897232637,122729,64588,56489,0.8287796678156154,15.783382909942613,2,5.101227381817532
0.028454249812164906,0.5535843925236447,3.78103905062134,2.8377724824274964,109733,52837,48986,0.4169998313716502,15.882473116138728,0,3.8309928512771205
0.01812307789110245,0.9248691986076276,7.66871006549353,5.83381001243986,17419,11320,1308,0.36879890041002195,4.985008211620059,0,7.875643516793812
0.01993182424946246,0.9637255401456017,3.90498430859528,2.924994581713761,71720,48707,2601,0.760310308064543,24.89612304686406,3,3.0712443107994494
0.0017673318288808212,0.5553004909092535,5.266274343566354,4.33459913790628,121211,68457,53902,0.7115984583857409,20.0303575344144,2,4.984789008592221
0.01203669913529612,0.8533680414247998,5.604521460253303,4.729469835670207,55044,32134,8071,0.621956482535026,14.595170315036183,3,4.965943327453718
0.022776431966835216,0.6271300938233574,1.5925412750924028,1.1432706516655682,151222,67231,56386,0.5508873076159024,13.324224674178263,2,1.3147612494154033
0.0022454097183598597,0.595915554478601,6.787197000030995,5.596825189160787,175456,116234,70899,0.7244806164875913,11.611872127294417,2,6.436348967534905
0.026445815709771288,0.9710539692854551,4.212788026457442,3.0996180932217987,194123,125965,5619,0.6871651668689835,23.750491352168506,3,3.254598997882889
0.01490352601572685,0.8243652213308108,4.253983465692895,3.380165509785531,64884,39105,11395,0.598416498894569,7.360026450138066,3,3.5491737852748075
0.020503347170058868,0.9025524331659462,1.1999964240680732,0.9535503454217158,163278,100609,15911,0.5751678359949832,22.56428933044166,3,1.0012278626928017
0.03227561176043846,0.5270267293948748,6.744490922481352,4.759281101862986,190362,130477,90036,0.6422741504867036,18.25452727202488,2,5.473173267142434
0.011133337291211333,0.7019273186669761,2.5664487038968335,2.155509997039405,32050,21633,9553,0.6880231585640431,17.450923215861916,2,2.478836496595316
0.014407598975922586,0.5006293685081327,1.8411148111493536,1.436406811262179,91008,46858,45446,0.42214520351494444,20.966406114420536,0,1.939149195203942
0.021683901582077076,0.7177325760877725,7.60797134697428,5.38017339010602,61911,41383,17475,0.3646564870165151,24.7751182961467,0,7.263234076643127
0.008119828274297743,0.5057721393804546,7.981960573374879,5.923900502136642,66394,30076,32813,0.6191256927095279,22.79280468845486,2,6.812485577457138
0.011886159692566914,0.828424448261736,2.3153251215889155,1.837718257488235,110509,70916,18960,0.6313812499661008,8.803922527382852,3,1.9296041703626468
0.03119911256928107,0.911895775158864,4.310155255473815,3.042373959408921,179223,74409,15790,0.809453979016624,24.117518902382063,3,3.1944926573793673
0.007442664960586544,0.8314307952469059,1.6458830319393394,1.3322230524951884,34048,20575,5739,0.5050820800611978,5.348052726164422,3,1.3988342051199478
0.01480773933708697,0.5552100280510471,5.038182924838621,3.5576762438902576,163775,81506,72845,0.8409785148563258,17.349076750159107,2,4.091327680473796
0.0024907929848854166,0.6600447338165243,5.363201036313402,3.7995597295001535,88509,59140,30089,0.8358922010882168,3.064024098819999,2,4.369493688925176
0.013096318862822445,0.6043181847833968,6.291760942518737,5.008424676418306,69373,31914,27449,0.47577418444299907,15.611581876256496,0,6.761373313164714
0.003455797841264247,0.572251974540428,1.5127192287517308,1.2432246674829561,128962,82842,55163,0.40441896314903303,4.533958765833561,0,1.6783533011019909
0.02552376714511011,0.5766491902225933,6.949562439833066,5.621698582070623,127366,80668,53920,0.5751970982114146,10.22280655382645,2,6.464953369381216
0.01043250898323329,0.8149730045794203,5.849608390409362,4.858948780276148,71540,35532,13236,0.8358677297107626,24.685547991882903,3,5.101896219289956
0.018428571802733995,0.9577921978172996,4.659114746397982,3.4651617046471226,128862,87478,5438,0.3948455139356225,15.331546538641819,0,4.677968301273616
0.019887852314132468,0.8624146254799675,4.494700352673423,3.329866615153311,107826,53213,14835,0.4684315848756202,21.270351760826927,0,4.49531993045697
0.0034601467632051053,0.9317415226947172,2.796631829271401,2.2063962834668036,91158,39932,6222,0.5540588623131543,21.430209970915964,1,2.7579953543335045
0.03151711457740745,0.6296782574493931,5.978860772973172,4.274872222189735,166357,98718,61605,0.4954093037706253,3.1306990705661075,0,5.771077499956143
0.002055933785195291,0.7715488151699115,6.334229047273357,4.944542764717807,115814,49521,26457,0.4796789623924616,12.054957139884076,0,6.67513273236904
0.01050196100180805,0.7851139805873069,1.3874485245266663,1.001303503015927,34765,23525,7470,0.534241235270175,24.667055064870016,2,1.151499028468316
0.01983798503764717,0.9561081034461456,1.03744292085956,0.8426483024894094,157540,106891,6914,0.33013287635795185,11.695747709014787,0,1.1375752083607027
0.025056204883345087,0.7267170375270352,6.645471622736716,4.8309043132256,137232,88245,37503,0.348166009642431,16.578545830912454,0,6.521720822854561
0.03209695945351651,0.6022394374476312,5.656909853658376,4.026615510667702,19123,8589,7606,0.704774458283348,8.928319780259889,2,4.630607837267857
0.016755294299357973,0.7937209655935347,2.198913874663677,1.7838593656646127,125385,84813,25864,0.3707432332415556,12.252911193867817,0,2.4082101436472274
0.028722057211089093,0.9357661923648766,4.635783796984273,3.6379539514968844,31797,15218,2042,0.7849445185174679,22.511864862352095,3,3.8198516490717287
0.00767900471757472,0.800784513053785,1.6140234920397503,1.2246089559421458,21571,14237,4297,0.8404184076457126,14.140182863909303,1,1.5307611949276823
0.027789651906884077,0.9117961624297768,5.536221601316033,4.1566643014946365,38205,23405,3369,0.43691893863828,9.462079258606522,0,5.61149680701776
0.0123633214668439,0.512613780776136,3.387335109814365,2.779293844732869,93738,49794,45686,0.8129525844046916,16.54686065546398,2,3.196187921442799
0.010802057354844716,0.8128429846195504,3.0077102304492183,2.2378713336175697,10782,5418,2017,0.8083201391634631,2.560992841532225,3,2.349764900298448
0.020768446425548964,0.7689769370046754,2.5352428084796745,1.9377700323324631,186762,127032,43146,0.41187715120907326,5.378565769997453,0,2.6159895436488254
0.030097978842212728,0.8336494341824532,2.3060494947754893,1.7074081665870466,25478,11131,4238,0.8424924576192891,9.24998495967758,3,1.7927785749163991
0.004920237071527678,0.5524257179755654,6.036219773689803,4.999108481754288,185378,75314,82970,0.42269951014494567,3.299860888325419,0,6.748796450368289
0.0045154278454214115,0.7114389787253448,2.609428596031428,2.028548606636319,68355,40145,19724,0.6593092474957494,3.6184664818386745,2,2.332830897631767
0.022455161974209666,0.9670862176028041,4.786903648696586,3.8644197451460194,136637,73167,4497,0.7712014705782436,23.714180076398385,3,4.05764073240332
0.012422169214883753,0.7747402958740832,1.665395757827951,1.2158560757384511,63481,40887,14299,0.3196714336582144,14.149211977724608,0,1.641405702246909
0.023503865193519505,0.6016600246488498,7.340951344691569,6.062028280618904,66821,44150,26617,0.6125755330928591,12.10867895029369,2,6.971332522711739
0.0032861815577692453,0.7276978395381308,6.745150885710112,5.3433814040011836,44218,29180,12040,0.31832775969172966,22.994109863890085,0,7.213564895401598
0.005024315746944133,0.816421997189636,2.7505772823975927,2.2705543980812934,143706,78850,26381,0.5316153974387449,11.44202404008284,3,2.384082117985358
0.008865856248805117,0.5668218414644346,2.3768199076184917,1.6835012032348284,50647,20479,21939,0.6161614708229313,11.25231965092297,2,1.9360263837200526
0.013738073446504177,0.5896383074292642,4.01038741633892,3.3994702348522705,110928,44652,45520,0.7615643741717024,2.735872583319469,2,3.909390770080111
0.03296611438079421,0.9371164320358741,4.748653412601745,3.7112594361028783,135417,71868,8515,0.4233503800330479,10.938542679173295,0,5.010200238738886
0.015143646671158216,0.8658687727454522,1.656753106768102,1.2871109208367875,77908,50390,10449,0.41552603551063827,11.063923915730733,0,1.7375997431296633
0.01176448278413204,0.6960760837040455,2.0534684865080988,1.592537732336105,34430,14548,10464,0.6892811880993654,13.10927267761271,2,1.8314183921865206
0.03148114453260582,0.9815132238739928,3.793765454023104,2.8920475460370594,20522,11761,379,0.42163118556088136,8.189754310674239,0,3.9042641871500305
0.028306525023832362,0.5216313254228532,7.94464530920174,5.716591395560121,128182,82254,61318,0.6680510087095286,18.84615356000033,2,6.574080104894138
0.0156952483778908,0.8330656400408616,5.263202612948411,4.291336614988823,97508,51024,16277,0.6563103712345246,18.3776558217024,3,4.505903445738264
0.007067322919344743,0.5389981922123008,7.5827792376188095,5.604431811378732,65032,28076,29979,0.6456992169833736,4.185925534987247,2,6.445096583085541
0.004228424012223255,0.8568098450223562,3.2689462168295744,2.767533808856392,169512,74003,24272,0.5803663867954794,15.46100013672647,1,3.45941726107049
0.013217525677536767,0.7329259431636256,3.5446012015848667,2.822037467259727,65520,30326,17498,0.3798080653680476,22.800766097307037,0,3.8097505808006313
0.03393975901043481,0.9860275000866245,6.528332416142442,5.219567001481099,121481,83222,1697,0.33479446950137115,15.869318857385528,0,7.046415451999485
0.002942512457673219,0.9379493520033529,4.708663399490378,3.7688247917551685,137955,96557,8560,0.4342352060319882,19.556075149880844,0,5.087913468869478
0.020939623420743122,0.6280101149022553,7.8733372560085995,6.571754269268814,162483,66502,60442,0.45119261204139827,2.7543971083686083,0,8.8718682635129
0.015291403232646966,0.9385990142424597,7.878566880454985,6.267850079764772,76325,30963,4686,0.31974101315391285,23.04172953617747,0,8.461597607682442
0.012968563805063862,0.7012964104947434,1.128601581766731,0.8358178035873564,170301,78355,50869,0.4160536804391393,17.830738963826867,0,1.128354034842931
0.008470573503753494,0.7149491314334939,6.47401277915759,5.293106738473043,68138,33340,19422,0.6628700022491961,5.15059111311914,2,6.087072749243998
0.02435346078698694,0.9475168586840166,5.260082082479358,4.1237902457304045,122217,71890,6414,0.44275273830019546,8.72499354849803,0,5.567116831736047
0.024980425846221527,0.8603639310071713,3.1244736225231065,2.3489842582253777,128152,86729,17894,0.6126597111862508,10.365686986120737,3,2.466433471136647
0.02672231183884043,0.6261090746168007,5.854568859324242,4.133072001409766,19925,10648,7449,0.650181102896868,7.088469855553725,2,4.753032801621231
0.024020506230387234,0.8783977351877055,4.312492308190791,3.4183360070203803,121361,74865,14757,0.41340839359036125,7.746637309801581,0,4.614753609477514
0.012439679527625216,0.7886866249229563,4.180956234116788,3.393982039577161,27689,17938,5851,0.4251978947006658,14.062035954728234,0,4.581875753429167
0.02840728943066542,0.6732039628129056,5.495467459018882,4.049306269627144,118884,78739,38850,0.7680520717384871,19.8756976890696,2,4.656702210071216
0.01014777577723354,0.8978259253484752,4.734349331344049,3.351509768563977,132424,63627,13530,0.3225380222374397,18.21645553672372,0,4.524538187561369
0.016333541090043688,0.5493688935401924,5.9526597328463,4.194697856914261,84303,51702,37989,0.5414728188516313,4.59432913393127,2,4.8239025354514
0.025000003119178535,0.9467029579702987,5.567393098843103,4.543383111309602,112954,56577,6020,0.42896620373074346,13.054904651185405,0,6.133567200267963
0.019762176940161733,0.8095696733898501,2.7998295279908616,2.3582911257277868,89730,61143,17087,0.38422414033242214,2.2264769752762517,0,3.1836930197325124
0.009094897235441997,0.9019356612866407,2.4652527123291192,1.8147506936139626,73682,38642,7225,0.7029978784773185,17.775154326988687,1,2.268438367017453
0.02933122358921883,0.6224799008073528,5.266699568278445,4.148996466333012,153572,105263,57976,0.4988059306741835,19.88664865432253,0,5.601145229549566
0.02611924703111845,0.9375526499353655,4.135605481453923,3.2239980101286743,17150,10614,1070,0.3286252113158723,22.337639000365947,0,4.352397313673711
0.030330955540154678,0.7172269571786223,5.101041353695451,4.317581338345079,77010,38201,21776,0.8023945841615745,11.412186044411307,2,4.96521853909684
0.026439946360779315,0.5555964739362212,2.7329515569924925,2.2440315607683377,108235,72863,48100,0.829265412011732,11.842037874319065,2,2.580636294883588
0.007714101845313223,0.8070627331547571,5.793412107954389,4.16439886849993,198461,137359,38290,0.664849436026071,11.38946294496487,3,4.3726188119249265
0.010535749622958182,0.8582404616717454,2.6952841191563737,1.956119964366656,44023,21439,6240,0.6458978297079883,4.71258952210737,3,2.053925962584989
0.023267997555288935,0.6388152987188741,1.0017005410415891,0.7202631663765986,97889,63790,35356,0.3177777959293497,13.964207521845056,0,0.9723552746084082
0.020282376056100684,0.7749640618692585,4.32707951676279,3.5421059459460245,134466,69770,30259,0.8300997136534993,14.396560112352773,2,4.073421837837928
0.010787903113384716,0.5589327719330174,5.924698381270713,4.720375500388609,165389,93501,72947,0.6897744611815478,4.632077760887507,2,5.428431825446901
0.011384714046987609,0.8828159073535975,3.561436047895028,2.6220729911619576,92985,60174,10896,0.35673071848309856,23.68947632185193,0,3.5397985380686428
0.02803247796015958,0.5888126252202605,5.984055728387139,4.534381177279777,56370,34011,23178,0.6146300515497598,13.042073271521067,2,5.214538353871744
0.017707846956710727,0.8537687112812801,7.564191584543755,5.398470863978222,144317,59989,21103,0.6770462413094428,12.032931593761043,3,5.668394407177133
0.00762298928989351,0.8998564161280135,6.617925237061396,5.115383180536707,139011,93543,13921,0.8403148049846616,6.554711772515154,3,5.371152339563542
0.005560067172132866,0.5276366653027873,7.078079127129295,5.267557639888988,185458,78021,87603,0.8476913022789552,8.642629308944061,2,6.057691285872336
0.0060751124307544075,0.6180881664179998,7.552879000780942,5.876321384375033,52113,21153,19902,0.37435067979428654,17.989518573173857,0,7.933033868906295
0.005088533543404977,0.6130597955369982,3.4551610888301614,2.811327206564794,20052,9762,7758,0.6174598605324089,3.515519795735372,2,3.233026287549513
0.007503831327681489,0.6996285830895609,7.558644777360868,5.718778406889451,54892,34653,16487,0.5393768949051831,23.777378688352865,2,6.576595167922869
0.01689802424895807,0.928720308745309,6.675796793535897,5.65538753768404,151511,61324,10799,0.606795569154489,10.72761175364969,3,5.938156914568242
0.018222699996890607,0.7757868162351554,3.193573861200947,2.376869494154664,19633,13323,4401,0.7423675921255342,5.751637527683611,2,2.7333999182778634
0.009472928200103769,0.6675141448635517,2.177823110366029,1.7144862344267913,43138,27109,14342,0.532862711987104,2.103603062546639,2,1.97165916959081
0.011651384378698077,0.7581120509691854,3.2697561169637943,2.3432878496877363,73447,41453,17765,0.6865060646092728,20.232178332957282,2,2.6947810271408965
0.022389997673565074,0.5748025006249841,5.971212866131125,4.78653185820543,60063,37186,25538,0.5492939258599477,17.739558960471136,2,5.504511636936244
0.013237077231322357,0.8272250477934423,1.2841718971166138,0.974189428205938,78686,53226,13594,0.8381782818129795,2.2454129211417437,3,1.022898899616235
0.022173203396834238,0.7022913049018642,7.018981432345852,5.178409410311166,54063,23734,16095,0.48021023002598856,6.834044210380237,0,6.9908527039200745
0.017921390624624254,0.7332501463712587,7.310539336159122,5.155472698161062,146758,84972,39147,0.6326409690141801,13.042903267326812,2,5.928793602885221
0.02873262838769755,0.5307338639930848,6.708414359060951,5.193742518954441,145316,83800,68191,0.5863604445537614,19.07062320978605,2,5.972803896797606
0.018331007340133865,0.7069984371151308,3.786610247653616,2.665648790216785,34960,14247,10243,0.697611869731232,20.63838119446705,2,3.0654961087493025
0.02809283801025219,0.5625083941684993,7.323107891721316,5.864651084438742,33555,18559,14680,0.8331916566217332,17.943819471033958,2,6.744348747104552
0.0034111505089113644,0.5927868291380127,6.3992620025179505,5.287172424256938,85738,58888,34913,0.6840499264418005,6.778724477113752,2,6.080248287895478
0.0016895307064157478,0.7349137413272799,4.595927059357889,3.3827833385680073,16268,6704,4312,0.4106250984247075,6.108464165348889,0,4.56675750706681
0.012483431888984806,0.7050402536159744,4.559772240483955,3.517923931401671,197081,116669,58130,0.7731393075198374,23.753046863541982,2,4.045612521111921
0.032615189017019076,0.6868935184538447,1.5506344081998105,1.1254210772931756,87494,47990,27394,0.37201218866972763,18.013093030789264,0,1.5193184543457872
0.008006508517863959,0.7162025378549413,1.4550055226422196,1.1986281083608237,112855,68985,32027,0.6072422852764042,22.783211005370344,2,1.3784223246149472
0.004773823673341563,0.5867895142251855,4.000653770726394,2.876497706810562,56369,35836,23292,0.5543512493858314,23.64221312038426,2,3.307972362832146
0.01753665142805502,0.7266834432475274,6.495503030944589,5.3473361797095595,184884,83926,50531,0.5572670270266687,24.265667566922602,2,6.149436606665993
0.026601530563332296,0.8974696759007748,1.229778491734681,0.947149469859582,68083,36144,6980,0.8292666407458522,21.185189192042458,3,0.9945069433525612
0.017649937083167075,0.8736598452678609,6.833643371021647,5.14029418220486,13744,7686,1736,0.3284271239511225,5.6463316454982415,0,6.939397145976561
0.028631563474776606,0.5649759554659374,2.633773886206889,2.022753069616927,138332,84544,60177,0.6579414795788588,24.260834076753902,2,2.326166030059466
0.03034101492929291,0.7199275296585178,1.4400024123066668,1.1108305550870596,155494,80711,43549,0.708949348300512,15.356954215339092,2,1.2774551383501185
0.014196524754076477,0.5836725388906889,2.587859716278466,2.034899186750922,167887,84313,69895,0.4781886010905548,15.50405443643662,0,2.747113902113745
0.003267198212342836,0.9065376533298966,4.936648662690815,3.952399409366046,133603,66797,12486,0.6272754897080687,4.07450110460562,3,4.150019379834348
0.02160451008430107,0.5439195689192627,7.7146480472667545,6.228416455283439,60048,25181,27386,0.617713790195815,10.22970543316002,2,7.162678923575954
0.010365568944697787,0.8955333882484546,3.5689528695736312,2.667971236790172,56574,32530,5910,0.5961113027930383,12.453102857973203,3,2.801369798629681
0.008115783892024076,0.501822633800849,2.690543587992429,2.0890953732460704,74157,41304,36943,0.48924152135369564,24.93403356564242,0,2.8202787538821954
0.027261973987327666,0.8730249736117022,7.686699378011406,6.404240151177805,53135,30350,6746,0.7183876433241423,5.446844374390688,3,6.724452158736695
0.020442178220211493,0.624284812427274,2.5964327183001394,1.8219918808099111,136706,86807,51362,0.4475868852010616,18.053351191243113,0,2.45968903909338
0.0010537003166490035,0.9270385346104111,1.2126570596812374,0.9785088226559397,80783,38765,5894,0.5734613219561042,11.658589763009479,3,1.0274342637887368
0.00752242789643436,0.6635693067375263,6.093944590426769,4.877523559138313,164950,79343,55494,0.4137604108391347,17.042530786151488,0,6.584656804836722
0.015151379055098693,0.5880330516246569,5.823763570407769,4.570261605774874,131599,64867,54214,0.4330783496209728,8.404701691052958,0,6.169853167796081
0.03148007714681604,0.811747226047979,6.114788681945435,5.122368118916588,36159,15999,6807,0.6535583649486559,10.785541045647756,3,5.378486524862418
0.03353169880008985,0.6616876986922354,7.735301366442601,6.460700666887065,141885,90957,48001,0.8475823109919283,7.811249049939494,2,7.429805766920124
0.01585042375699287,0.7548885609177123,3.0645179506270503,2.1521794717052405,161640,65749,39619,0.3306622791586804,3.2053307886075726,0,2.905442286802075
0.03186573916443175,0.853416374887574,5.739744563373948,4.46773636997147,139137,82939,20395,0.8259216455039953,2.0694800411917087,3,4.691123188470043
0.009429703293397446,0.9546178248939046,7.524937407787982,6.080811340851503,74803,32989,3394,0.7202202527421095,2.4148719186068224,3,6.384851907894078
0.03276461216927628,0.5423480698991463,6.594666659424207,5.505178142921997,153212,104425,70117,0.4022076305609384,24.493848745979395,0,7.4319904929446965
0.03480579151587601,0.7722524057943774,2.1909991812401053,1.6375872594677483,88038,42627,20050,0.8347263400689966,5.52739103056215,2,1.8832253483879104
0.02593314889637332,0.5002010418251956,5.173278685816638,4.332059343038401,139268,94267,69606,0.7862414129706017,12.398035737796366,2,4.981868244494161
0.030144560421951398,0.5237139821534251,2.039621969799822,1.554386020752207,93913,44989,44729,0.4960621689662831,5.743850323583482,0,2.0984211280154796
0.017630557078340846,0.888983213505252,5.62952275562914,4.031688765354106,145777,59294,16183,0.5442621528464735,19.971193023089608,3,4.2332732036218115
0.024121565916725176,0.8112269245433281,7.366887999060418,5.176747568859356,180024,93969,33983,0.6173320207576041,5.500015843284111,3,5.435584947302324
0.007005863015595965,0.6398270791389488,7.691090302879637,6.230677520570604,52968,30496,19077,0.6708056641382505,20.49800655070435,2,7.165279148656195
0.02341128851640457,0.6950468719326794,4.595433687500557,3.7703549497542044,28446,14690,8674,0.35262956383190064,23.035442010100198,0,5.089979182168176
0.00409523470814502,0.8176224969497924,3.892361351619584,2.9614755318483765,110935,46606,20232,0.626538180623289,19.75673107736416,1,3.7018444148104708
0.029159233768144208,0.5835598908029499,7.281933350547216,5.814055161741316,86015,54844,35820,0.461007851720738,3.821287409498394,0,7.848974468350777
0.017585976470983956,0.6541449578076514,2.4145821550554656,2.035242411916692,84400,43578,29190,0.45777678124053667,8.17733089965823,0,2.7475772560875344
0.030276139840310464,0.5342323411354842,5.743278274697159,4.169177839332295,105804,51652,49280,0.41869233808283135,5.64865529294077,0,5.628390083098598
0.011631210610944936,0.551898687918099,1.1305261049034803,0.9278185400220408,75966,50295,34040,0.719539479081693,13.800776022465147,2,1.0669913210253468
0.023805404816040297,0.9152039764155897,1.0667726781788147,0.8112096863403911,76326,45538,6472,0.3047679994148221,23.332891361279962,0,1.0951330765595282
0.0032538663731827085,0.6797348837186028,3.8189815475619016,2.674063591750071,86588,53186,27731,0.7736777249932123,5.5577515082518065,2,3.0751731305125816
0.016352598775792433,0.6999298447296898,5.812253628348096,4.286421502076398,136401,90467,40929,0.5299723798864925,22.953361099522063,2,4.929384727387857
0.03476756712373827,0.5519851044744966,2.6313723158940103,2.2170810662712386,68115,42756,30516,0.5813145757336108,16.812608053574714,2,2.549643226211924
0.004475621818486113,0.9138155503436909,5.076502185447761,4.304417587555884,70169,28497,6047,0.6324689402421527,8.371585324001359,3,4.519638466933678
0.030319387158950876,0.6388959631393988,5.807290041973363,4.65241137302356,29028,11914,10482,0.5250872655819685,8.651442495215003,2,5.350273078977094
0.028505243486866096,0.8921784523431192,4.199167665348378,3.321444344526227,54262,27534,5850,0.5082533108722518,11.617005708331416,3,3.4875165617525385
0.019585271962070373,0.7712102323974237,4.47479245173959,3.337748343239951,96951,41431,22181,0.6952320573796076,6.915943823583946,2,3.8384105947259433
0.0076964234270965265,0.7022515769359228,2.59444839132461,2.043332395284055,19497,10376,5805,0.5634338087994093,22.6308637982705,2,2.3498322545766634
0.014423226127740406,0.9671288897946978,4.3959233540003435,3.7192460146887547,89242,36650,2933,0.5738869664230664,14.745903597053003,3,3.9052083154231925
0.020000589612458663,0.8464452729682133,2.2423728449370826,1.6544977375155068,7093,2972,1089,0.42159338053139306,13.786114681109336,0,2.2335719456459344
0.019560687015071458,0.5167879501688172,2.192570755470718,1.6991455356839578,37274,22848,18011,0.5935489775192945,5.30819283277715,2,1.9540173660365512
0.0013142140057874885,0.8959969540218642,2.2333608431497325,1.766437666885048,38717,23461,4026,0.5291257252813093,16.916121616956666,1,2.20804708360631
0.01152070401296243,0.7970391042690627,4.66630947586995,3.283551507559357,57107,23046,11590,0.461235768239316,2.1362535054420544,0,4.432794535205132
0.013790848052036741,0.5309486588004283,7.3945767678186884,5.6372696063042715,104280,70740,48912,0.7556079800809055,9.428510867367585,2,6.482860047249912
0.009066648364342667,0.6286904700593761,4.530947278006491,3.677350419966496,199894,120379,74222,0.4180508795974357,16.66716557396436,0,4.96442306695477
0.01820682525517737,0.8514374231951058,6.830521538750404,5.542341354698999,20250,13234,3008,0.5889875990703033,17.904627553712672,3,5.819458422433949
0.031033889834751537,0.742901334938355,3.192755183421754,2.5958693486522684,153254,94711,39401,0.8184314852666108,21.140396503073823,2,2.9852497509501084
0.02219527315891962,0.8262005632759988,2.496181834427854,1.9934453807168795,17300,7713,3006,0.7435215505856159,13.73568329547235,3,2.0931176497527235
0.034232451417440336,0.6380228836925173,4.364690786135537,3.348587795278447,189839,100203,68717,0.45815440103150873,5.687370841439491,0,4.520593523625903
0.010593289857228735,0.6142933287205321,6.138514717041146,4.325297384628315,138624,61668,53468,0.35711166236101016,4.842167283788282,0,5.839151469248225
0.00443496038070279,0.7987570158130123,2.37537856682043,1.7523512659580758,15523,10669,3123,0.7700396047335095,7.30138125908498,2,2.015203955851787
0.012137253993352283,0.6028474927294486,4.443131716225766,3.123262028179301,186780,119876,74180,0.43926411490329653,7.725366717435655,0,4.2164037380420565
0.021072952816931268,0.5343578424160249,1.18408408679268,0.875220844070482,188176,84875,87622,0.4400962752516519,8.05466202110252,0,1.1815481394951508
0.019912037396876275,0.701591356562628,7.634129628044137,5.488599646341562,178316,83664,53211,0.7250806650100192,9.796308301974893,2,6.311889593292796
0.005864767444188674,0.9203657007706576,3.1620262946552424,2.525916123139817,165786,88808,13202,0.3088595202021353,4.692036672245501,0,3.4099867662387533
0.007287484638275794,0.5556577855155507,3.3906825279495467,2.864087248954896,31783,14054,14122,0.6941475651861173,12.057477909626204,2,3.29370033629813
0.014720653107665405,0.5671136509266755,4.547390285024516,3.2694908373296325,184420,116015,79832,0.4420453968379399,13.058081868133728,0,4.413812630395004
0.03472854295949242,0.8364587074434782,6.88949739913639,5.251361905360999,171020,95186,27968,0.3854388163805093,17.332107891668553,0,7.089338572237349
0.02158168335010384,0.5426702042998001,1.2556426556696172,0.995778992621441,190888,116975,87298,0.6224002947485878,10.216565267913133,2,1.1451458415146571
0.020619813618260506,0.6677101404669756,1.5871161698640845,1.347335605997521,19551,8244,6496,0.7831919120639358,8.942197200536587,2,1.549435946897149
0.023110097118499262,0.6612128075344941,3.740179895561298,2.7651783771383647,118535,49602,40158,0.6604786332415703,2.190101852754743,2,3.179955133709119
0.027518655658373366,0.8266516754815085,3.1614996084681017,2.3517329235340902,138021,87643,23925,0.49376629490721796,8.875797745834948,0,3.174839446771022
0.02003404282201486,0.5040991733922306,1.5786692659057961,1.1349454942730186,38298,21201,18992,0.8457330531736171,17.01010824018913,2,1.3051873184139713
0.0030841590112736022,0.7575338932904985,4.476516486726531,3.2303669813632996,199647,108718,48407,0.36838992459332587,6.92825161413597,0,4.360995424840454
0.0031926831354987736,0.781403834457201,5.354206354764065,4.1541217424940005,110209,71709,24091,0.731155771677147,20.956139991383246,2,4.7772400038681
0.02560272088377035,0.9080147795738251,2.405801251224446,1.8471899983526987,62500,31566,5749,0.8044041778444868,5.081421935244968,3,1.9395494982703336
0.023831401447555276,0.5021361941787245,7.472557737836266,5.356894461190415,157890,100738,78607,0.8032114651461055,5.899960927135509,2,6.160428630368977
0.02879202347914976,0.9572802800463729,7.568531202072121,6.33579509699054,152278,97934,6505,0.6793358441740278,18.67202963233725,3,6.652584851840067
0.024735975418839803,0.6523767804776863,1.6976474545374312,1.2577362013890168,127330,88385,44262,0.5716158581078588,2.223108163229971,2,1.446396631597369
0.005761523612563787,0.6578194819049702,5.050097440150648,3.591952742373403,144192,64516,49339,0.4861896490997597,2.4717668695379587,0,4.849136202204094
0.013360977281842122,0.7604281043792074,7.103063720956613,5.7045142480290645,48147,27256,11534,0.842527710165589,18.84268305079101,2,6.5601913852334235
0.027416177205345723,0.9275067793910003,2.5094783390809443,1.788180545652753,199654,88492,14473,0.8360731259439138,15.889099972002372,3,1.8775895729353909
0.02598942103541645,0.5541369777043518,7.034728514160361,5.80983350540177,170912,110821,76203,0.3866253014416921,15.669629880311703,0,7.843275232292389
0.021182758511178092,0.5804506323876157,1.8642450161151523,1.579030053814789,187155,98492,78520,0.6999074469821789,4.467927838525468,2,1.8158845618870072
0.008005651047238261,0.5723004049460629,6.578634289026574,4.6671061367075115,13711,7085,5864,0.47235317353669687,12.634313286698001,0,6.300593284555141
0.01426224623541936,0.9231527315381814,7.504826826385244,5.594983354374255,194878,90527,14975,0.7539578878279345,24.702894372137315,3,5.874732522092969
0.01993394006503084,0.6362438866833362,3.789961731200378,2.749691326355335,161837,81203,58869,0.4774760388928011,16.83284544889309,0,3.7120832905797028
0.029950471276675796,0.7985057417827299,6.972210850527057,5.157271623540196,140902,83343,28390,0.6600114051729791,23.944160042752916,2,5.930862367071225
0.02735547156998386,0.8937812221053099,4.7212052431252545,3.437118249101201,117789,49474,12511,0.3640450382465913,15.718915283510905,0,4.640109636286621
0.010349292527103766,0.5390261132270353,4.007219204139828,3.1382472669473054,50667,30076,23356,0.6780548561667936,10.568131414464283,2,3.608984356989401
0.009921865967405331,0.8722634510536534,6.415531765387339,4.929325433773366,119462,48192,15259,0.683078950912289,10.6489611955106,3,5.175791705462035
0.03304873014539429,0.9008125378278307,5.113861286719185,3.7731464518084823,190010,114755,18846,0.6073011939384965,16.373672327470082,3,3.9618037743989065
0.004284015204814097,0.9663651029097401,6.535411446124238,4.941353884242952,36923,25092,1241,0.8024679062714821,14.083291081848454,1,6.17669235530369
0.025646949242426872,0.713663666006568,5.410242042797067,4.0635591682680605,54648,28454,15647,0.38887887577691166,4.722144330511513,0,5.485804877161882
0.026863111881512847,0.954476740135322,4.207982514703912,3.3618281304836595,129288,61545,5885,0.34083577263180015,4.386818298599036,0,4.5384679761529405
0.028639565783393862,0.5190481115381778,5.6125995575431995,4.1582833153411825,111034,48172,53402,0.5934367870395412,4.329099162710422,2,4.78202581264236
0.030667516656119918,0.7487419941016101,6.655759824825302,5.02651531726881,78839,41600,19808,0.49152685183905276,18.33482651127409,0,6.785795678312894
0.013372579820841304,0.9083044094640913,4.179895070522977,3.377078349050313,139607,80013,12801,0.6863296404827006,16.584114736836298,3,3.545932266502829
0.03447790855869446,0.5677500184996668,4.008159062508449,3.0611297188222686,54323,32547,23481,0.5694054333006974,13.900948875698152,2,3.5202991766456084
0.01570010373299,0.9859327358990957,7.4929294417332954,5.590913954976577,98034,40413,1379,0.4732545513543757,15.237638680115374,0,7.54773383921838
0.033320194841658234,0.9209738762781043,2.5984892992519333,1.9047354651710968,9694,5567,766,0.8193262686503409,20.671701459752907,3,1.9999722384296517
0.02622231226677443,0.861128192746241,2.246142270045892,1.8501522976436788,104468,70945,14507,0.5005519950575806,21.7261891319719,3,1.9426599125258628
0.010051938813605249,0.7521181989252979,1.748197068423424,1.3968406375507165,89631,55771,22217,0.7313029485776438,19.555559374672658,2,1.6063667331833238
0.02556879864437129,0.6002071259594699,3.3657898546833516,2.593263048028947,191737,119705,76655,0.5426138902540836,18.873302073622778,2,2.982252505233289
0.022250910785551185,0.9184680034977053,6.617218707361593,4.673120595803297,184863,97957,15072,0.33906351220712966,13.221161937955369,0,6.308712804334451
0.024873587174042627,0.7514777881556312,7.1047424462260675,5.281243175338206,32898,21195,8175,0.5858173430562614,19.746143104563114,2,6.0734296516389366
0.01877158831751426,0.5774652452685959,1.8731527925517537,1.3641333267748976,138071,67294,58339,0.37959084987508596,20.65830284323123,0,1.841579991146112
0.008570073997710703,0.851527742148553,7.603088780719568,5.9240669907357715,61238,32965,9092,0.4792395788665035,12.940065711273094,0,7.997490437493292
0.021495456097069824,0.983135870363623,7.56435191522757,6.273290597851852,139913,72659,2359,0.5354624633609829,22.245703872937966,3,6.586955127744445
0.033670741240384626,0.9375706675742835,6.0342461683638575,4.753470842046944,120447,82112,7519,0.43749930437310747,14.307771676488313,0,6.417185636763375
0.02444667264601387,0.8328310306488946,2.7659527170378553,2.179597651279817,68146,40771,11391,0.4775955877178456,13.069300892034915,0,2.942456829227753
0.021990044533594284,0.6984062989922235,2.3886077789339093,2.0165727393260617,185756,115201,56022,0.5260759564558319,10.168030572591476,2,2.319058650224971
0.01484358614788225,0.7005063554549684,4.809260811593675,3.7585358203130643,101491,59910,30395,0.7500733664098495,16.7396451375588,2,4.322316193360024
0.011553535240058727,0.8214944637343019,2.4732322337824857,1.8493303413228128,83971,43710,14989,0.7999394905531754,16.672401260332308,3,1.9417968583889536
0.027151775563801977,0.6805956098235798,7.720083165733878,6.35416262515684,29016,16262,9267,0.491680032380147,5.037536647687938,0,8.578119543961733
0.010040438228926907,0.7148355240311474,1.2120525853573794,0.9885456998383535,182171,83791,51948,0.4275227876355666,20.3526933528259,0,1.3345366947817774
0.020146304192329597,0.5028276240335543,4.005259359929367,3.0487342901067827,185889,112061,92418,0.6861534536087202,18.580544038198248,2,3.5060444336227996
0.02576801214899213,0.5000258851968254,7.677445626927055,6.311868469553362,54923,22226,27460,0.8136223376821567,20.625136159826408,2,7.2586487399863655
0.029465450860595755,0.5457108185137646,6.171446202430184,5.208623473042284,88778,48976,40330,0.5272618593282723,22.167378233280434,2,5.989916993998626
0.005285884666263916,0.9288528041795325,4.585477117671993,3.4879645585022496,180725,99459,12858,0.6778238427619911,20.21385038371145,1,4.359955698127812
0.020822634013100638,0.9453696946195125,7.593940128187102,5.389023539234508,120042,70754,6557,0.628083800384247,9.317500273495682,3,5.658474716196233
0.01634838212256899,0.6210119798392922,6.5292001656629,5.191890954771963,150762,78058,57136,0.46026141231140266,20.922939178998924,0,7.00905278894215
0.016347860794741348,0.7457092357224196,4.645801113785192,3.564514320851505,6832,2979,1737,0.3541954969422574,19.421638036835837,0,4.812094333149532
0.008599945958251386,0.527279679327448,6.582621846871202,4.7599547330926795,108187,46537,51142,0.5729207137194584,17.869180213906333,2,5.473947943056581
0.012381001103695489,0.8407893449970487,5.890449126023692,4.7452891857309725,130332,61398,20750,0.5463863556761897,6.343995804757619,3,4.982553645017521
0.01013237149103692,0.761848926475279,6.828263091268699,5.191364228048614,7526,4989,1792,0.4189655171628891,20.56541531924968,0,7.008341707865629
0.026751674743254933,0.6748992759945862,7.92663971650607,5.860845289736465,187643,100600,61002,0.5788115638424569,17.809967991771437,2,6.7399720831969345
0.02253163839932185,0.8972531297431356,1.313260037483667,0.9776775898388883,193036,132653,19833,0.47498979873245983,7.051238046024755,0,1.3198647462824993
0.02403387014377171,0.8716202339918553,2.5743417938627564,1.8316225995485023,136639,68435,17541,0.4596560225231182,14.44732528471156,0,2.4726905093904783
0.0018063562503968806,0.5390966705806601,3.9257868051056892,3.3033019056862103,70263,45301,32384,0.8141394333204248,21.341248406789582,2,3.7987971915391414
0.022885094022543594,0.7985588222886886,4.271501018321282,3.39145582018971,191764,108280,38629,0.5960795046054517,14.996697204042421,2,3.900174193218166
0.03325596722013215,0.9421003553171534,7.1300192559125755,5.848131073207387,38071,16239,2204,0.3145109899030461,20.19753472794806,0,7.8949769488299735
0.00979409531341622,0.6669209878707767,1.4485921132284636,1.05301787851111,180487,85862,60116,0.7024768522707199,5.7888822044176536,2,1.2109705602877763
0.012946101778267511,0.62978446632865,3.4490318595573495,2.7807771335142317,75441,42743,27929,0.3549625323799253,20.51540694439644,0,3.754049130244213
0.013576213272036244,0.8177817379263378,6.077727211632828,4.445548331873127,139997,76951,25510,0.844052066175631,12.634321035397866,3,4.667825748466783
0.0035272727462517593,0.9789108397810415,6.905108619154781,5.018201524219803,18733,12043,395,0.6826227147684365,19.61303873246166,1,6.272751905274754
0.016000837475239702,0.8510733686946618,3.705456060047396,2.7112430604079667,8188,4725,1219,0.6824007731194293,9.908632237479324,3,2.846805213428365
0.02459194341608296,0.9332616023963661,4.304817209632686,3.260625246594465,39986,23242,2668,0.7839186264212938,9.467209145259464,3,3.4236565089241884
0.01447200783426832,0.6992465035994921,4.9256863924426195,3.616741111795536,33214,15294,9989,0.3430331542190125,20.126735618740035,0,4.882600500923974
0.029406529291872072,0.5796995869130513,6.9804218794790085,5.605384657611514,14114,6126,5932,0.6006737249388328,18.313834149106302,2,6.44619235625324
0.002701218438781729,0.5340037043208656,6.618754138941433,5.43634617651947,23996,15295,11182,0.6197516064625161,19.958066117405956,2,6.251798102997389
0.007520297581984814,0.5245316182757143,7.115436758442901,5.0614462142378045,199841,113757,95018,0.6596622480094161,23.22033242996947,2,5.820663146373475
0.0029284784207590877,0.5144434125409794,2.2478324704214145,1.90608811363543,103112,60257,50066,0.32587147937811134,22.21953514953819,0,2.5732189534078307
0.028633733012103427,0.8257520214948716,3.3739157083929188,2.3974226624417363,96901,67790,16884,0.42947398686283966,18.720537040953754,0,3.236520594296344
0.013853056115928637,0.5039730164742445,1.0647676570513165,0.8188967282543528,134686,54786,66807,0.6778100792258663,8.762077937683921,2,0.9417312374925056
0.02003636545222228,0.6474503458510552,2.16994020408515,1.6514895426746086,153605,75132,54153,0.3298491519641555,15.722502244214246,0,2.2295108826107217
0.003953338871530215,0.8438396806923867,1.368494788390128,0.9701209388891614,125454,67787,19590,0.3389794353601805,15.758196247466055,0,1.3096632675003679
0.009989746129607943,0.7585359838509669,4.622227065690039,3.876445297572808,52046,30437,12567,0.5063855247267277,24.63644800952696,2,4.457912092208729
0.00203153439182282,0.9893131022889061,5.365394830029213,4.205428924066507,18587,12055,198,0.7525884375614261,6.344014295545651,3,4.415700370269833
0.02483879846704162,0.6424150549602002,3.0824486899486776,2.2947357441664775,191148,116396,68351,0.39054498561097833,5.419468965012188,0,3.097893254624745
0.016514468996377894,0.6890481356620518,5.999508058001196,4.262208405761971,70363,28446,21879,0.6307242533848831,14.940549704949932,2,4.901539666626266
0.005580334849570676,0.5739488315296296,6.548742414562387,5.455982377740731,51229,27222,21826,0.49524727257109447,3.6685812986929935,0,7.365576209949987
0.023888944364537524,0.9043445380547881,3.1341555017384497,2.6594135879113074,197233,118051,18866,0.5465254079893489,12.271843725453085,3,2.792384267306873
0.01655995094514037,0.6267540691626999,6.008939791325627,4.8566443389397635,107908,70204,40276,0.4742647190076815,18.67714185169047,0,6.556469857568681
0.005113992095410259,0.5826638049738354,3.210569511557758,2.533399609918686,20748,14391,8658,0.784138475304928,8.438558582913853,2,2.9134095514064886
0.0046025009856976214,0.5549981252758784,3.0385632300479326,2.406929673062552,88106,38053,39207,0.345292029180357,2.0621279871857596,0,3.2493550586344453
0.01570844508253553,0.746599311441399,5.463648323040134,4.067192132151415,161910,81690,41028,0.3985488210439274,16.882613823954102,0,5.49070937840441
0.016785260557027563,0.7427056469976153,3.9938425162342277,3.3684185862788376,62748,36687,16144,0.3522755522639271,23.862292914147833,0,4.547365091476431
0.03433408824791544,0.7672737807423211,7.650484086913844,5.561265301027409,134101,78140,31208,0.45851658264645834,5.687107908858083,0,7.507708156387003
0.019514063958753276,0.7608320290561562,1.531101488568333,1.232126850025853,62865,37259,15035,0.45184734866909426,7.001295582177106,0,1.6633712475349018
0.009642042286392354,0.7404172746769562,7.7626991091203745,6.40295128551429,19325,8163,5016,0.5533767354151735,22.488955024744435,2,7.363393978341433
0.004211722477236954,0.9845490989473962,7.643485755517949,5.440183510634469,16517,7378,255,0.42505897480689014,7.190977510979895,0,7.3442477393565335
0.0017116890027304996,0.7960166562406652,5.694921519021257,4.501145711931141,150711,87102,30742,0.402703146753554,9.956838910853667,0,6.07654671110704
0.01283093464927736,0.7298395667083653,3.338954883133214,2.3910395077996744,49406,20258,13347,0.5586369969308149,23.952296981618737,2,2.7496954339696256
0.004932957604035964,0.9636696015715102,6.133530603124655,4.879989184775061,65481,31073,2378,0.6533925094366515,8.327938419650117,3,5.1239886440138145
0.018242892009773096,0.8852835173721761,7.172057664613824,5.922718110811964,122744,74531,14080,0.5937152517115948,10.720699871538699,3,6.218854016352562
0.012569349395957049,0.8042079900593545,7.236967622509853,5.604498702596289,74306,36663,14548,0.7794887740635645,5.585256043185531,3,5.884723637726104
0.008019137902150813,0.8368124597987053,3.467051590686025,2.7977460366577245,106584,50699,17393,0.3861560580999984,23.91693721196072,0,3.776957149487928
0.01478373466893142,0.6652377558560107,1.0994150931953528,0.7948910055916208,20861,8773,6983,0.5809066312284193,12.4653550846823,2,0.9141246564303639
0.02708371677170797,0.8233033236861551,4.121631137244017,3.0240370766010267,165592,101401,29259,0.3843128882834631,23.039292122784264,0,4.082450053411386
0.003189773944511468,0.5269684773574309,2.311452923636989,1.9333434196333517,175179,110669,82865,0.3940196914621722,3.0098061135046565,0,2.6100136165050247
0.023225755558772695,0.8792287031235995,6.696803921149902,5.18350287923968,198529,130583,23976,0.5571491173315711,11.297061009543972,3,5.4426780232016645
0.016282413911436717,0.9762430298441442,6.951871760351469,5.602897999859073,59333,40442,1409,0.6972711425780393,6.380510931691056,3,5.883042899852027
0.0160333086958356,0.5350364819225013,3.727601956016808,3.023981499255824,132874,75577,61781,0.7416314656097118,11.824048214112999,2,3.4775787241441973
0.008940421265496525,0.9873176167076864,7.695996002165117,6.360909048540508,88265,38105,1119,0.6656442672191345,8.582160028351868,3,6.678954500967533
0.00776317166706564,0.9588127533342428,1.129672037221691,0.8649521374429103,93241,59441,3840,0.40623676311653895,17.362262892709946,0,1.167685385547929
0.004177909854751081,0.7488465701373659,2.1356488369840427,1.628330634321353,156586,87566,39327,0.6244089169418656,6.614176535867012,2,1.872580229469556
0.010769231329740083,0.5793288489256556,2.7450674500322796,2.0141466220735462,175100,118461,73659,0.5053582077452621,22.748811479643916,2,2.316268615384578
0.03219351154429446,0.956024626943894,2.893123298299985,2.198928023418062,153515,73497,6750,0.32158917918904995,9.025217210615079,0,2.968552831614384
0.026316525086114925,0.5232837010314841,2.5350669775338144,2.0430988870970377,168282,90299,80222,0.6839408861632569,10.922899879062516,2,2.3495637201615933
0.006437050330820336,0.6950932518262242,5.059774741422,4.2613827263516235,113957,65656,34746,0.5620691685446044,9.491268707000977,2,4.900590135304367
0.02553605050455902,0.5365842058761598,7.4010825882783315,5.203675381942514,42890,22953,19875,0.4570387894434368,8.854978024201186,0,7.024961765622394
0.014025448742079873,0.9094296478826346,7.770492447657879,5.9506299625466506,186644,92523,16904,0.7219486306220139,6.75907230896069,3,6.248161460673983
0.031607985152691725,0.756260942401858,1.8015433752828698,1.3694013745187927,152950,97003,37279,0.4182526225485157,18.459617662828535,0,1.8486918556003704
0.02820184987034663,0.6695925479833735,2.2082637903159217,1.5466565272996773,163704,107965,54089,0.5749874957293302,5.240790704823621,2,1.7786550063946287
0.008408751973723087,0.8173583013288681,3.952284861989373,2.8536296834270596,50924,20635,9300,0.7036424539947763,3.69236977326289,3,2.996311167598413
0.02238986307701205,0.8885750507365437,1.9285071211777587,1.499984746064588,68471,42505,7629,0.37605154022279474,24.222094571194344,0,2.0249794071871943
0.028915086201278657,0.6001968959859535,2.303155250222492,1.6556212442343328,55955,26885,22370,0.763113319935723,9.212228037472707,2,1.9039644308694825
0.02951595383415123,0.7099966601748782,6.086100360785173,4.725911913694324,66768,32952,19362,0.6508021985926756,2.2149339301836166,2,5.4347987007484715
0.002121216085208176,0.9174251114104878,5.788174031844503,4.282122752003854,157873,79686,13036,0.6686757986898486,16.775811179197277,1,5.352653440004818
0.03265465537990995,0.9122940536524216,5.532128466258737,4.155879107647861,157185,99111,13786,0.4219060230396575,8.198271153067356,0,5.610436795324612
0.00925230955115183,0.9859197958875223,2.381826136113798,1.872896659474428,145488,58279,2048,0.6991740758267776,17.112499198257744,1,2.3411208243430353
0.025898342535461843,0.6741486493135445,6.743475112604986,4.765654590731096,26395,12672,8600,0.5622607761719394,20.92063424581607,2,5.4805027793407595
0.010226207196498659,0.5907516807055078,5.76919229743519,4.500023263140482,186350,76489,76263,0.5256480260824443,4.450868050758663,2,5.175026752611554
0.03180363112207287,0.520212658501148,4.02155597929067,2.8466054664320084,107449,67748,51552,0.3490636073493301,6.85663486093432,0,3.8429173796832115
0.018072475791264104,0.5098057445780997,2.7699848513379117,2.153968456168216,37577,15460,18420,0.5684533587300551,18.37667521225238,2,2.477063724593448
0.030544347416427416,0.9576778804229151,3.2920839406784665,2.371534521905327,142037,89888,6011,0.8343163182732709,12.727053199288752,3,2.4901112480005936
0.011382009260624854,0.7103033851604169,3.133692012515927,2.3141473441787865,8212,5714,2378,0.5934743515607248,4.601432399539556,2,2.6612694458056043
0.029161301203743606,0.6234081475493974,6.441115037007428,5.4335060621160665,83038,52269,31271,0.3121861461789339,13.539394783835313,0,7.33523318385669
0.010339374795572169,0.8178363729404108,6.050877178154228,5.018775346083197,62589,28761,11401,0.5716929490789202,20.20772166021045,3,5.269714113387358
0.017173938658427916,0.762945407070392,6.397952337195755,5.11317822279581,190399,90392,45134,0.6953445292220406,15.88353829754053,2,5.880154956215181
0.032158354431696144,0.5245109107891134,2.0869362222413144,1.7079205733956133,109533,47702,52081,0.848047777805049,20.106756961395348,2,1.9641086594049553
0.014897195249776167,0.9034402637036087,5.764227090834074,4.717998050111986,94460,61813,9121,0.5022119253325096,15.595193752319123,3,4.953897952617586
0.01812829708663756,0.8165162502449022,7.8102607257138645,5.5324788570488375,5045,3324,925,0.5647604914616351,3.806125276656175,3,5.80910279990128
0.020058337982170212,0.662716206503672,2.084592497365551,1.7246983946151568,24455,16628,8248,0.743309077531688,17.93835125679435,2,1.9834031538074302
0.0011708671144206057,0.7096334937527424,2.382403971564226,1.9931660641812416,105647,66614,30676,0.41289956744209094,18.38032845450463,0,2.6907741866446764
0.020712514647360143,0.5842098661777277,2.8313736440428094,2.1927446921832288,175715,89908,73060,0.6963654499793244,14.760555440300804,2,2.521656396010713
0.015377799927870483,0.7772182664700453,3.558160392572915,2.990356096659064,152239,93511,33916,0.5034692726299574,8.416222471664458,2,3.4389095111579233
0.007133174182902238,0.7707267033681564,2.508286029244479,1.8311808067164261,147097,94219,33725,0.7115522511399064,20.263394395303365,2,2.10585792772389
0.033943377706437246,0.7809055774890696,2.541707141820024,2.1079176595213043,174123,91291,38149,0.5604632242160554,11.458805165013988,2,2.4241053084494997
0.032618033447786146,0.6683304896341642,7.744389950593208,6.478497899056411,125179,56399,41518,0.31673294680974706,9.547385151846578,0,8.745972163726154
0.031878446253681095,0.547506540563504,5.244868437206603,4.026613426136801,197589,86298,89407,0.4166153177762259,2.6794652780643453,0,5.435928125284681
0.01575379848746671,0.6361381207866806,7.089341537232246,5.605833881248056,73860,43657,26874,0.4288678046354478,15.31555505272321,0,7.567875739684877
0.02300370424973351,0.8365741784070606,6.434823254154722,4.804888227958275,124968,53850,20422,0.42509653973563977,2.071797981197421,0,6.486599107743673
0.01131934424585579,0.5532176271497814,4.309553417111081,3.4544049543082824,29815,18627,13320,0.8162220776781779,3.2396606790571423,2,3.9725656974545247
0.001414114404162409,0.8240556757797441,3.0254668715557234,2.2328706490090657,71612,31540,12599,0.8025182785934957,12.816530534054445,1,2.791088311261332
0.020351133342255433,0.9547719838442629,4.71184257946844,3.548199678214618,159473,71740,7212,0.49221076574294403,19.061548930661957,0,4.790069565589735
0.02672796694378997,0.826783639475263,2.638197227148122,2.079461184474357,52024,32826,9011,0.7716168895549211,2.0042594917951844,3,2.1834342436980747
0.013322667980384204,0.8614255170568668,5.1980330777719415,3.777076925945162,100149,44142,13878,0.33664539912570607,24.449832783093754,0,5.099053850025969
0.033537720141595014,0.5296139070208764,4.1027740903247345,2.9865599993238807,25641,16642,12061,0.8228364761085898,16.58781102938536,2,3.4345439992224627
0.013032792685201779,0.7956295271658532,3.1840091427591526,2.6633394185375616,173082,100814,35372,0.4209997097301439,13.021973920970874,0,3.5955082150257085
0.023963750862599997,0.6585782710444347,1.5574912440231623,1.2265482546932085,181169,98831,61855,0.7983599943558708,21.20554253254896,2,1.4105304928971896
0.006012034643555435,0.8470032616994296,4.048258675503849,2.985740351441491,196670,122485,30089,0.39894297530416134,23.032227687292796,0,4.030749474446013
0.026539006294348993,0.9573539945795646,3.219512531345837,2.7072889000895586,45491,18932,1940,0.7196331637899629,18.18068731403184,3,2.8426533450940368
0.021328973736953305,0.7400479347482453,1.2251568922584197,0.9723942687187311,114687,46114,29813,0.4320696412483359,4.318565534198961,0,1.312732262770287
0.009847186509815625,0.5867512143189147,1.1996401738705376,1.0033737893537393,195791,79024,80910,0.3188604230707983,18.153783984342823,0,1.354554615627548
0.010488894629143639,0.7838960664004948,2.4159402676346824,1.789093958275963,15236,10596,3292,0.782807931966698,22.587443191792115,2,2.0574580520173575
0.02341431425972965,0.6689455950407229,7.255540543633366,5.39614531424682,127141,83916,42090,0.5855747093042403,24.844199547452632,2,6.205567111383843
0.001393454757679189,0.6468004012367556,5.3621322762120585,4.130951780099224,115893,54428,40933,0.3005186733901197,19.414463347071102,0,5.5767849031339525
0.03449704908097719,0.8968574289499842,4.221446327096308,3.5272931768948874,38043,21208,3923,0.5624213720676258,12.295349071307074,3,3.703657835739632
0.027356486155992798,0.758116764562051,3.2170198541765123,2.3764888905548314,123523,53910,29878,0.6346940538024811,18.164193491690458,2,2.732962224138056
0.01639411640338763,0.6192038113906423,7.14162164378974,5.794971099720064,73578,49166,28018,0.8149885143690254,20.569531615227255,2,6.664216764678073
0.02261017838827837,0.6488232672596824,7.880614451341549,5.84048433206031,91755,54127,32222,0.6180587383453721,7.962523113976213,2,6.716556981869356
0.03190001705293909,0.5103744582303354,3.4360934763444506,2.7758442365795193,100326,41095,49122,0.6367712088622182,18.471999169997904,2,3.192220872066447
0.015169468061217807,0.8710748303148845,2.589009095368944,1.8982394327876486,176955,89257,22813,0.5677438923407838,24.5073030817656,3,1.993151404427031
0.03382503550511616,0.7039678896864368,2.8584945205279753,2.1306898659213536,191851,86417,56794,0.8346527962667711,16.203818203821225,2,2.4502933458095564
0.034368134542344574,0.6655004336947923,5.921221899818921,4.342568159023341,137019,77070,45832,0.6713541785313932,16.566180012042043,2,4.993953382876842
0.016724667153790177,0.7724656878971808,2.993992916725318,2.106681316279616,88576,37934,20154,0.39443169622067015,4.358294376590813,0,2.8440197769774818
0.021828155481379802,0.546163078170122,6.2799763312465124,4.415304645052183,154967,103393,70329,0.6951922249672353,3.6782716572908174,2,5.07760034181001
0.028918287552496116,0.7415872095547004,6.927481190181805,5.473478856282137,44963,23850,11619,0.4104217009826343,4.473912010719984,0,7.389196455980885
0.0159643416825751,0.5604198446074982,4.405126281837333,3.49671241182484,193499,116794,85058,0.3358598716883827,9.070948248600256,0,4.7205617559635344
0.010791272669705015,0.9483658875008313,7.074474310749345,5.344922308456647,148949,99532,7690,0.788504474130303,21.659161036706674,3,5.61216842387948
0.029732775683007057,0.7353244605322158,2.2420215657471876,1.7299958720015327,133431,55498,35315,0.7375700100982556,11.592270433352228,2,1.9894952528017624
0.008789964872987568,0.613577236032124,7.3097995886046325,6.031224195470342,18107,11645,6996,0.7554327485030821,11.465966753723698,2,6.935907824790893
0.01863948261086802,0.5164886627461778,5.721027895280178,4.351933758136145,190153,104478,91941,0.5516975309998463,13.934459227974873,2,5.004723821856566
0.0057572452257178,0.7514393357415058,2.696931697210476,1.9624215467287063,68924,38779,17131,0.6792996580533166,12.794435831999811,2,2.256784778738012
0.01594829495801161,0.7186804675524321,3.876450987856872,3.026684506220484,74392,38147,20927,0.6520268383115311,13.380270163663088,2,3.4806871821535563
0.029870496431609363,0.928603972320089,2.193922646045629,1.5805787662238888,133145,54122,9506,0.586010750459238,17.639506618967513,3,1.6596077045350834
0.003915535730977549,0.7258511787306332,6.205400750205227,5.261379483140125,69666,32076,19098,0.4288069340892471,13.989158337953512,0,7.10286230223917
0.006851394990095314,0.6496615294146858,3.2502373456346314,2.3529914175251365,192560,118784,67461,0.6545097350475022,18.752115261960924,2,2.7059401301539068
0.017255298639819533,0.7475609741228202,6.958451698113207,5.581647438494353,118926,67920,30021,0.7984948161026054,20.033420936055013,2,6.418894554268506
0.022165539526032348,0.6543776833377237,4.79316121293354,3.420815534186452,33004,22756,11406,0.4432185473097894,2.424497637989521,0,4.61810097115171
0.019550687790523123,0.846327347154439,6.532852331180916,4.762846807864386,151539,77874,23287,0.5105368694799426,15.550068272588879,3,5.000989148257605
0.023020758108108084,0.7213534592225666,7.780840151491301,5.544446625420893,9860,4928,2747,0.7572791420616711,8.315163257673497,2,6.376113619234026
0.01956735947211189,0.6048634854551984,4.328685651383354,3.23667202557228,180365,99738,71268,0.3713692284229454,19.251410455319988,0,4.369507234522578
0.0043737824668110045,0.9111340923588851,7.519955358603536,5.627684879189784,97404,62134,8655,0.8073395860520736,17.3242131491795,1,7.034606098987231
0.009011897340328343,0.9383163860863766,2.289855533195206,1.6760805554846125,30168,18235,1860,0.6740603341383025,17.388840387832516,1,2.0951006943557657
0.03303937282779126,0.9033128892133714,1.293809083704542,0.9970900493060187,21488,8943,2077,0.4981766257303595,20.70229797688474,0,1.3460715665631253
0.02179360254629964,0.8817560322570674,6.033233371529213,4.672832863745021,87971,47862,10402,0.6430582350247476,21.09420823220696,3,4.906474506932272
0.013255742991074689,0.7109067349631037,3.8666293619509977,2.9239824495513016,54107,32473,15641,0.8452874303569484,18.404037116773416,2,3.3625798169839967
0.00657704486961924,0.968203676144448,5.67444058512033,4.022615099354783,162086,65185,5153,0.47412799162695574,17.575386644471074,0,5.430530384128957
0.017457323967746848,0.9793520481395042,7.118726572463475,5.366527605149879,70941,33717,1464,0.7061661847023581,20.539889804083334,3,5.634853985407373
0.010495019453393654,0.6803126878215254,1.543423196748566,1.2455722958899387,166064,111663,53088,0.4296279128818902,22.88994675757252,0,1.6815225994514174
0.011522373692625477,0.9784424789681875,2.968820142663322,2.502761022056007,77240,39918,1665,0.8171714905102634,11.823450945251976,3,2.627899073158807
0.019859585311999967,0.5393650646190489,6.531164708254236,4.985981376531479,172732,82215,79566,0.8255917588797459,2.658517458220015,2,5.7338785830112
0.007790761523782043,0.6187321971298494,3.898474780374715,2.865026293046437,74070,41866,28240,0.4595507457229113,16.109245869063777,0,3.8677854956126905
0.01302929624189517,0.6634712965790639,1.2655681905515488,0.9137959956334453,112288,53338,37788,0.5293768005764955,10.060814653312342,2,1.0508653949784619
0.030199673098945133,0.56200678476957,4.959514176693521,3.5773434085849787,103297,67024,45243,0.8362879074292944,22.0898829342881,2,4.113944919872726
0.008723091390225117,0.5039356132990552,4.444571937718906,3.465451072606598,79944,48507,39657,0.35878585629786724,20.88554213805487,0,4.678358948018907
0.015807170933410816,0.5354507698497679,6.5032786843874915,4.920006686463414,115373,51573,53596,0.7078344887798447,15.786853018539626,2,5.658007689432925
0.0029574434202951022,0.8809483578441715,3.6815619693322956,2.7595410610156765,74001,47772,8809,0.5014391532991609,15.835615646733242,1,3.4494263262695957
0.021614776210734092,0.6788623989790232,7.331317490969013,5.685321259250405,11414,5014,3665,0.6253302426742404,16.558987208479344,2,6.538119448137966
0.002802876215013566,0.6190709379231051,6.568233448550271,4.646655334957721,73607,43976,28039,0.5389327926497627,9.967955526331064,2,5.343653635201379
0.0016544647708623948,0.9043553234184031,1.9990529777797668,1.4921557105328047,70195,46888,6713,0.7875070115434173,14.458796952775753,1,1.8651946381660058
0.02297765904663719,0.7672277975454844,1.3584444443323034,1.1028197897121221,99376,51674,23131,0.5328296998623899,16.402127417263838,2,1.2682427581689404
0.010751054792410352,0.9749320780230293,5.260789544224506,3.997727891494846,73513,38125,1842,0.7497876245386804,15.06034209268959,3,4.197614286069589
0.0024269971158062784,0.5866108650374957,7.054957811206743,5.5341556468771325,117076,55165,48397,0.4587664664715032,23.57372090556843,0,7.471110123284129
0.02907282916330226,0.8419205462006367,1.5756325505742037,1.2017973604928576,162786,91304,25733,0.45110493821296554,13.034741228994688,0,1.6224264366653578
0.026355102711400444,0.6005831205298227,3.0503402269121036,2.2936015988748877,100930,65765,40313,0.35696711135665826,21.267769268321096,0,3.0963621584810985
0.006193514676698965,0.5406343047297657,5.492427831087078,4.233511770091599,133909,83028,61513,0.5137608008489325,11.95825358097823,2,4.868538535605339
0.005900612575639435,0.9031475072349104,7.517413216210401,5.96518556120553,88205,61025,8542,0.4466609056728774,18.470150097269116,0,8.053000507627466
0.014404780006855338,0.8317701662560429,4.331871832444542,3.6780449394693924,92185,53472,15508,0.4562332541438434,22.25261187379601,0,4.96536066828368
0.012126510468797778,0.6419714242591558,2.886574348528081,2.0833213122952987,149296,67252,53452,0.53354713788466,12.602357201879924,2,2.3958195091395935
0.0016967295938511316,0.5082355671123598,4.641488821297805,3.733637789239942,21375,11268,10511,0.4982931048184063,20.36540716289,0,5.040411015473922
0.018817280775497956,0.7803289103160962,6.971094912915479,5.722496686608211,45274,20939,9945,0.5539737015179534,22.93796596509907,2,6.580871189599442
0.012109196124230621,0.7443778788950464,7.709957342505877,6.2466552470797305,136506,64935,34893,0.5280839650678205,3.8938697512245994,2,7.18365353414169
0.021621879479718147,0.5508277806258222,6.851367075441684,5.63307800244395,158612,78759,71244,0.4355628502672049,2.2071302780829307,0,7.604655303299333
0.009006028178369825,0.5674868677433992,5.285163545062019,3.8316475825574416,23687,14784,10244,0.5544098195725897,15.831837123680812,2,4.406394719941058
0.02785076090147072,0.6054581161805257,1.4615022255023762,1.139640744545335,157635,99304,62193,0.6955662961985838,22.27939144370183,2,1.310586856227135
0.022745111333154662,0.5329268096686631,2.772064878427322,2.2763913384704226,83000,41341,38767,0.5433702225174206,16.879774291758025,2,2.617850039240986
0.017800275198803204,0.8039366203794129,4.809400014795395,3.9002765126770345,22177,15133,4348,0.6295152766510596,24.818908841102353,3,4.095290338310886
0.00404686661584097,0.562015446888312,6.786492625994379,5.630843764516168,108613,45758,47570,0.7906616086300948,2.708011351465723,2,6.475470329193593
0.026445476111131266,0.8718091299251134,7.671777596973513,5.432540389122409,198979,99635,25507,0.30174586400147674,24.07016951546851,0,7.333929525315253
0.021132190035934632,0.9015637801679348,6.777110936399002,4.811488273409137,102904,64848,10129,0.797955253544335,11.417827063441875,3,5.0520626870795935
0.03340447413315266,0.9240604084905162,3.0755109971675734,2.2263392079718782,115078,64797,8738,0.5573919513571681,4.927728261186802,3,2.337656168370472
0.023083356779065412,0.5357953706372237,3.647362781567562,2.941614139576992,22184,10935,10297,0.8342136031686256,4.710782499634713,2,3.382856260513541
0.03358053985590511,0.5445957853724334,2.617252965629416,1.8503637996753182,155408,86631,70773,0.5991650267596476,11.012389297455606,2,2.1279183696266157
0.011541374236868088,0.623257321035143,3.4039443129147173,2.6175571397831088,161257,81641,60752,0.7982735555570544,22.72216040889157,2,3.010190710750575
0.03420041439082961,0.9419007750564188,1.8916042522335261,1.5578470309121808,14643,10209,850,0.5597545303808407,14.738229897551074,3,1.63573938245779
0.019012347118731152,0.6576511446305561,1.5251546222504273,1.2725092276710643,15619,10360,5347,0.5650303611697447,14.951168391067334,2,1.4633856118217239
0.021185379057458705,0.8134123910551545,4.468889832631509,3.140204108876202,30301,17099,5653,0.6352626936441552,4.0945221878901625,3,3.297214314320012
0.017113271870980527,0.594913143464994,2.4586857530617774,1.9649708217209474,10452,5200,4233,0.8078615673948981,11.599002166995252,2,2.259716444979089
0.033737319362315235,0.5118434725454167,3.144412026415024,2.515306191916735,199110,94959,97196,0.8117626755800176,15.664793729481328,2,2.8926021207042454
0.028234280268729147,0.6946315791103796,2.4852626779681133,2.079382779905917,135577,61258,41400,0.4967023022739012,8.6871089154855,0,2.807166752872988
0.02190221240731292,0.942360263404627,7.736040791708108,6.173673419554681,109959,67548,6338,0.3305682701213644,13.240819186477612,0,8.33445911639882
0.020689885175770584,0.8024726272657827,3.836103704118586,2.8604105500972796,64263,42045,12693,0.6814897007805834,23.438354405516098,3,3.003431077602144
0.025386959862169524,0.8746631796666731,2.175322376214622,1.6596207598174482,43400,23547,5439,0.8198146290384003,6.932539274455716,3,1.7426017978083206
0.003521409596317045,0.9368123978409272,6.933768385735516,5.885996115277545,52940,27408,3345,0.4992624879242626,9.327900539501051,0,7.946094755624687
0.03142147351317714,0.7433946747881073,5.200101342364449,3.7811121019628118,9329,4500,2393,0.7018503066945827,21.14815202222479,2,4.348278917257233
0.02530356353246344,0.8578196414724262,4.587322928836619,3.7011333733646548,84386,37278,11998,0.3018633163904515,7.641672153803788,0,4.996530054042284
0.02495592509253391,0.5486053197553105,7.362212082705275,5.391004721618957,21220,8956,9578,0.4225115784085537,19.216988524433418,0,7.277856374185593
0.015862225307160423,0.8455889757792631,4.972401144485174,4.189779576064151,80205,43533,12384,0.8248902733928154,7.689081551808084,3,4.3992685548673585
0.025875960733276197,0.715329629413531,3.0849314385201527,2.370422418080391,175608,114850,49990,0.46971157367390437,24.813550112280836,0,3.2000702644085277
0.00231296459081653,0.5628556185066573,2.572471435003764,2.1137120723787235,169084,108694,73914,0.8323229582447789,12.99148520175224,2,2.430768883235532
0.025731507990762355,0.6816482219485142,2.2905776661378567,1.7556393417535827,170632,81750,54321,0.33575301917594347,10.484219108163337,0,2.370113111367337
0.02931435106172987,0.6598969260875804,6.094839138055601,4.352242316004759,58233,32989,19805,0.45796691412004886,23.624049455924304,0,5.875527126606425
0.026910436216950676,0.976532096258274,1.2628924881813268,0.9380386234869799,74407,50959,1746,0.4809925792895176,4.182026391529135,0,1.2663521417074228
0.03489286218722028,0.6312440110738677,6.958804940897252,5.043958373768319,136994,73527,50517,0.3973727925829485,16.582017650567728,0,6.809343804587232
0.013381195849556587,0.9176590211384014,6.295868620404714,4.983664635106073,28384,18647,2337,0.5651514353370929,20.01409351220287,3,5.232847866861377
0.005933765006374575,0.7411183114024665,3.7576098528340927,2.9748907325037823,192232,90098,49765,0.5896532449388586,12.385566302380298,2,3.4211243423793496
0.020706770573761656,0.9298059011818851,7.074231730572114,5.430614710431267,83591,44130,5867,0.6334064455832773,14.82858945925542,3,5.702145445952831
0.02314542759720699,0.5754971089118109,5.5257456914651275,4.019414943322468,158325,87013,67209,0.324782770055849,6.2787834115394086,0,5.426210173485333
0.03277425737580091,0.9786487899382927,6.178249631733399,4.558497972690442,88323,52042,1885,0.6231589746823891,10.131623646699754,3,4.786422871324964
0.017403349992958,0.792701157479148,4.307234797404233,3.466234275438132,186028,74533,38563,0.788810522613403,8.21004702995335,2,3.9861694167538513
0.023709849314634223,0.8951140875888589,2.1490341839130145,1.6469691290514297,7093,4877,743,0.5763215364140697,23.09051122742556,3,1.7293175855040013
0.02503001958329546,0.8539923772809824,1.5953053491424978,1.1693566976251324,115675,77414,16889,0.7745337001192649,13.708916053868887,3,1.227824532506389
0.015730525251655515,0.6846594316622133,5.950875430665074,4.76516295708448,63473,31880,20015,0.5246680638852503,10.020164649388503,2,5.4799374006471515
0.026963999105789477,0.5475061823870903,3.458519137469416,2.855304980375456,110711,75743,50096,0.6273600994979908,17.131330512740224,2,3.2836007274317742
0.0031729849122707973,0.5813372857308113,3.106665934881117,2.4260168574113976,179387,106432,75102,0.7166304025501783,4.713516987051592,2,2.789919386023107
0.029329121534948925,0.8457537040482705,5.041392076374592,4.201800153489084,89084,41024,13740,0.5363599595916166,13.362985939521867,3,4.411890161163538
0.0028773993095137923,0.9677723815464273,1.9000408255781494,1.5288093102032423,28397,15679,915,0.4886585120753282,6.237737913371968,0,2.0638925687743774
0.004619218020325669,0.9749278976930807,2.397540493692161,1.6998111219008964,11641,6425,291,0.831525112867886,15.223930344281753,1,2.1247639023761207
0.03125765590026333,0.8189306303729309,4.326725686110404,3.5833558542606854,9959,6578,1803,0.4603672232666709,4.962700696548726,0,4.837530403251925
0.030080691788339907,0.7878334302584067,7.223646787742721,6.072732625107143,174741,107218,37074,0.571283922763396,21.718539941271715,2,6.983642518873214
0.0045520815177418315,0.7201549522391647,3.009763776492988,2.1540749056864565,62205,27390,17407,0.7477367982731968,15.940520796618381,2,2.4771861415394247
0.03328427286186417,0.6663691703740398,1.7570215963603906,1.3634051497729265,194432,89222,64868,0.41278030138035965,16.852470145205817,0,1.8405969521934509
0.029764116395511495,0.7313769409229058,6.0886770811317,5.174763535214804,139278,67447,37413,0.8006219357756716,8.994530168885248,2,5.950978065497024
0.01629066396013161,0.7664436034001413,1.7016231472340027,1.4290643968207057,109946,58354,25678,0.6057122682259242,11.318592762981792,2,1.6434240563438114
0.008159692477168074,0.7905643595034298,6.291425402375963,5.012540870178261,60008,38751,12567,0.3439415282852485,21.676176958007023,0,6.766930174740653
0.004124467130621612,0.9088825652969312,3.525518807551087,2.7916163502857425,61680,25896,5620,0.4187660122110743,4.940637811899998,0,3.7686820728857526
0.011621800521107482,0.7520477907904,5.121316244955066,4.191696026922915,31883,18575,7905,0.5264801151171761,12.89759400408319,2,4.820450430961352
0.015093708199266156,0.9126613547300777,2.6100031678387987,1.8292419649042864,64021,41105,5591,0.46165750093432756,7.839997267410647,0,2.469476652620787
0.022078853909736355,0.7624512431184226,1.4215425511166537,1.0124560063168575,37683,18181,8951,0.6942387441846538,15.683068481134045,2,1.1643244072643861
0.012044019731450861,0.5124320291407346,6.251051969089624,4.577101827206501,9642,6527,4701,0.742756214494948,7.291975893660043,2,5.263667101287476
0.009703345800661907,0.515688846126531,3.0770221610532866,2.4237497443271825,30727,16282,14881,0.40562309645745226,22.801782873294457,0,3.2720621548416964
0.007735542604196972,0.5126455124137033,1.1419598163719398,0.9059707409876503,170384,84052,83037,0.47600604408588487,9.808360046378684,0,1.223060500333328
0.024125390589801878,0.528485557603146,7.50381446883928,5.503133622825487,174290,88020,82180,0.44330578129254694,14.57907473399109,0,7.429230390814408
0.007363174548363621,0.5159858684891263,7.620818197811087,6.392807897192168,20305,10605,9827,0.7570699722999771,17.20300687287962,2,7.351729081770992
0.014422775311804276,0.8646437886195812,7.279331717471337,6.1068042588495235,23909,10753,3236,0.38222975173638285,15.26891931242328,0,8.244185749446856
0.02335480381948803,0.595363434619037,3.735022095782369,3.1448309973368005,157018,70285,63535,0.8074747887036366,2.061367864213584,2,3.61655564693732
0.03138949046936544,0.9330763685029879,3.218745575886011,2.5931586847962116,10539,6405,705,0.62570459923607,22.210044427999744,3,2.7228166190360223
0.01313421451753364,0.6469440126273445,2.4968722264668504,1.761961445065891,199202,113825,70329,0.4395510597014146,20.43156174713556,0,2.378647950838953
0.0033880683995623564,0.8375883371838733,2.2246220958372085,1.756245293998287,43623,27330,7084,0.7141185882260005,13.91044218029882,1,2.195306617497859
0.03128535012289053,0.788171547138579,7.422625779846994,5.8043327986087325,198938,98362,42140,0.3287918217452813,23.81909162725099,0,7.835849278121789
0.02281067254818579,0.929690276616715,5.732392035092772,4.319629995587239,52801,31824,3712,0.8281387788607908,7.834397559799019,3,4.535611495366601
0.030749219993220004,0.952798124594192,5.692908602612696,4.780278390997765,61878,41372,2920,0.3277861246697841,17.314535385802948,0,6.453375827846983
0.003437098908961379,0.8460443631228821,1.2377992493306562,1.022878505974443,11734,6345,1806,0.7571199691947601,2.356096560162853,3,1.0740224312731652
0.010279183451028625,0.5012027473574837,3.9099791640489383,3.164140185466882,25373,10866,12655,0.44703125159947227,16.50054083657576,0,4.271589250380291
0.019016960691072275,0.5338037810467535,7.779018931247289,6.480508555091119,44423,30087,20709,0.6918167156601069,10.472613674448882,2,7.452584838354786
0.02524295887782929,0.5197362997403401,3.7049089328140687,2.819244727513765,130191,82052,62526,0.712195733363626,14.405008711340233,2,3.24213143664083
0.03043863781748578,0.5647502553032316,5.168353046659711,3.966201662820773,53022,25226,23077,0.5047538112454495,4.487467388544312,2,4.561131912243888
0.009554364972004056,0.6332629028112604,6.044675072220976,4.275293284118947,40342,17239,14794,0.32701979164051875,9.699101231385331,0,5.7716459335605785
0.01831582568311749,0.760850386697768,2.8736673183860986,2.404511049937886,166874,114987,39907,0.5440433980161318,20.28701159518597,2,2.7651877074285687
0.0014511303892697511,0.7684276765151532,6.203094206148854,4.544023833992322,67398,47100,15607,0.48124817343813514,10.77728401606189,0,6.134432175889635
0.022013275839016543,0.8520363226204153,3.744206743625139,3.12918120053591,32617,14076,4826,0.7229227569376678,17.838427952784958,3,3.2856402605627055
0.02621646752219482,0.8598895090789082,4.294142710612485,3.142067281661888,38550,19057,5401,0.6851031584567511,21.004190446839363,3,3.2991706457449825
0.025865733236299236,0.9847733105458549,2.9078335352512035,2.4171320441695214,95629,48379,1456,0.8331244617981353,9.32952853585591,3,2.5379886463779977
0.014936060449759203,0.8106977599921972,1.1687828752847849,0.9755416170181741,150327,89066,28457,0.41521742249577986,2.699140540665101,0,1.316981182974535
0.01574316795465691,0.7790608159787664,7.136236948594189,5.988962113026842,87911,60216,19422,0.3631559674467532,24.00074124865558,0,8.085098852586237
0.013521191065134112,0.8166637336520233,1.2432505721383222,1.0360412828447478,113421,67266,20794,0.7961968879876161,13.691985022868893,3,1.0878433469869853
0.014957565772326719,0.924403088623235,6.196943583099788,5.219972806798166,119693,61605,9048,0.5458424595777799,7.887653937187904,3,5.480971447138075
0.023462028230711304,0.6786255653435544,6.502704526253698,4.670454470673759,42851,19919,13771,0.7243166811493091,2.465002963399341,2,5.3710226412748225
0.023805840738192155,0.7299483162789182,3.4273205034404803,2.842484770238898,89358,57518,24131,0.38911232900044185,19.00906198814616,0,3.837354439822512
0.015740534187350226,0.6174014926530418,5.349692256516803,3.888009810128687,36644,15181,14019,0.8275220131103529,3.653130835298363,2,4.47121128164799
0.020701246254455453,0.9420752021599654,1.0833312819349525,0.8393403438674247,139757,78290,8095,0.33392416293920246,6.801155295168472,0,1.1331094642210235
0.01751789900125357,0.5421271302868137,6.903326484243562,5.575823231883615,134526,67481,61595,0.6089247641505358,15.641593901468728,2,6.412196716666157
0.013658703464325017,0.6372260707521127,2.915904406420171,2.1175440757851614,118997,73437,43169,0.7980077806755786,20.29834574526951,2,2.4351756871529355
0.02085033126926437,0.828938721415823,7.931342524761702,5.659800579029865,41509,28046,7100,0.6771366782639154,19.12153842281805,3,5.942790607981358
0.029368847364317868,0.6723011369355458,1.4401304748014134,1.1425762181138992,59235,28406,19411,0.7593850512559013,9.523104638037688,2,1.313962650830984
0.017594045313168542,0.9611587642214617,2.590043621858624,1.9644027924762804,58533,36783,2273,0.8433864265375537,2.1859475601902503,3,2.0626229321000946
0.015874640989346524,0.6254617983243027,1.839253710014114,1.5389537893698138,165053,73030,61818,0.6907132060910639,17.206003496991485,2,1.7697968577752856
0.0024950358151294644,0.909930951774166,2.741202864038276,2.096565319414433,116764,61677,10516,0.8125041476838908,8.576170157711534,3,2.201393585385155
0.015523361143835488,0.5499475646374782,4.455009552882867,3.583975260831806,143294,75526,64489,0.6864449084780087,23.68375602542136,2,4.121571549956577
0.01008007196813825,0.715670661203589,6.571812704866108,5.201287685199396,59812,35188,17006,0.40271045652852977,13.734966483803296,0,7.021738375019185
0.01898951110045491,0.9293396474902426,4.237459918087067,3.1438408522066115,45002,24778,3179,0.623569273159325,9.897127887569194,3,3.301032894816942
0.023724417704074727,0.6118070813932939,3.2216063314721612,2.720367240468646,72261,36415,28051,0.6276243497027134,24.332432586781383,2,3.1284223265389426
0.03442473516240201,0.7840324022013949,1.0076091386345278,0.8414528627429633,153480,78243,33146,0.7560573275587661,11.196146565054717,2,0.9676707921544077
0.0021575132108089985,0.9023253892979393,4.821015807138336,3.619240366425915,167717,103652,16381,0.7922008534105662,17.506585623685794,1,4.524050458032393
0.007951868486717566,0.9570141321566461,2.8514501134323496,2.060127495215095,11265,7084,484,0.6653946739626628,7.6542817666519065,3,2.16313386997585
0.030470812337108227,0.7137750712633876,1.3094752075499039,0.9646797793212268,183417,87810,52498,0.43492077389228895,24.213205192460254,0,1.3023177020836563
0.0012800322141266443,0.9310630611995057,2.398099633856835,2.0194220719537683,100057,41445,6897,0.6369971285679663,7.188338715705187,3,2.120393175551457
0.03175830612190021,0.7327954075588073,2.5675690331678696,2.1258747475557143,35412,14283,9462,0.5519368164900902,5.032242209480827,2,2.444755959689071
0.02358770590980029,0.6048857035514428,4.029957747569696,2.94046125182766,98057,60536,38743,0.6548254181646465,8.494419553697316,2,3.381530439601809
0.01105037024948587,0.9630528336742539,7.913697890634445,6.101581642705092,101854,44046,3763,0.5798819382751341,12.692031393549904,3,6.406660724840347
0.03335373052095557,0.9629693719801613,6.457260497797256,5.103271602957994,23318,10241,863,0.6519618780977886,19.759503624341654,3,5.358435183105894
0.030260459495249883,0.506483326804873,5.791325713149344,4.070518110797896,111081,54887,54820,0.5434239628284523,4.636718702471257,2,4.68109582741758
0.029455427216915932,0.513539598099406,6.837935334693675,4.930443711166191,127268,86174,61910,0.4869048635703969,13.56656379262964,0,6.6560990100743584
0.016746013154315315,0.5772295610408054,5.132184073435331,4.164512243319498,25239,13113,10670,0.39343767114364103,10.81051054997291,0,5.622091528481323
0.03063497277518091,0.6779330681399216,7.661224937498517,6.450340256827772,10149,6624,3268,0.6281527729665543,18.662542671214798,2,7.417891295351938
0.007299112753187976,0.9725255064233929,3.828563706453166,3.055367380446062,58243,25627,1600,0.3607977504292044,23.208131032163628,0,4.124745963602185
0.026539044505967814,0.7889920043812584,6.384307529971497,4.8797059902027105,146294,66960,30869,0.7138596082795561,23.553033156449413,2,5.611661888733116
0.0039732688685421465,0.7733713816171495,2.7771659228682237,2.0019446858205683,177593,101819,40247,0.33582397579417855,11.987027711873603,0,2.7026253258577673
0.005597746932475572,0.6336117556732959,2.3352803082028473,1.9439955103490922,20115,9420,7369,0.40964257091957745,11.784917467895948,0,2.6243939389712745
0.02668681833848331,0.7964850277385758,5.820405029303803,4.32077157726844,135364,55948,27548,0.7496428287769663,24.767519731517115,2,4.968887313858706
0.01483388812923881,0.5053721900344562,2.1885484768566315,1.7461969394609458,85636,45689,42357,0.6487708459767416,4.914598431911572,2,2.0081264803800876
0.025922823305364377,0.6319129283590548,4.140292769807703,3.446669353775269,144558,77449,53209,0.7846585367556025,11.687401735983988,2,3.963669756841559
0.02954526802016435,0.7892241489772502,2.3431369917164973,1.8444376249119128,13070,8542,2754,0.4633198027744646,20.20423279392942,0,2.4899907936310823
0.004382691744520668,0.9031543283790113,5.728189326162753,4.0852297751599425,158498,107408,15349,0.5066381929591488,19.430736807658302,1,5.106537218949928
0.019028415896452256,0.8450019776347444,2.8208118811077942,2.373108827513987,115853,75234,17956,0.5007751314118625,4.3048610281620645,3,2.4917642688896864
0.02390619602250886,0.503802227685338,4.327050835958558,3.154075130287086,12464,8647,6184,0.5554215984763553,20.802459900090334,2,3.627186399830149
0.018264662356338116,0.7429616152409718,7.5129644522514445,6.262017406917645,150444,64640,38669,0.3644089773279028,8.884975859147579,0,8.453723499338821
0.033632349380054834,0.8102036188339025,4.8793558763077876,3.931801801118464,40416,25357,7670,0.5162768838850826,21.006353251698684,3,4.128391891174387
0.010088032790601154,0.6359978630560319,4.656683137987146,3.5605659299874377,196373,84481,71480,0.5330312335998033,9.0644488543689,2,4.094650819485553
0.031772996195200985,0.9259766528746041,2.663891322143602,1.8971652417086742,14304,7405,1058,0.4536249709848047,23.422437539240377,0,2.5611730763067104
0.024233433563527272,0.6286055525863349,5.515219341863651,4.562662984249368,86098,35952,31976,0.41851509053206604,24.96688571515658,0,6.159595028736647
0.015724587487950952,0.8444531751368753,2.2786413419990956,1.8034997563089774,141774,90035,22052,0.6162974987618134,4.648769973804088,3,1.8936747441244264
0.015205593818651008,0.6288952418658492,1.4970075565377319,1.1696578996415226,114699,59737,42565,0.4888868234107212,11.220762619319899,0,1.5790381645160556
0.02687776000849877,0.7364438196586696,7.5822130726748505,5.641556721947785,199068,126624,52465,0.6003135263264127,14.581647367762297,2,6.487790230239952
0.0028135655421762397,0.6953138347320433,2.8951361269521274,2.4605769714225647,28424,19875,8660,0.47814792410976104,13.823998122223296,0,3.3217789114204628
0.030909143958092994,0.6740809368480934,1.7648308961360006,1.486588329893376,166017,83319,54108,0.4843727491174644,2.967030309746728,0,2.0068942453560576
0.021340083834964486,0.918861825966172,3.6710207147786242,2.97721759290269,68867,35359,5587,0.7421689419268287,20.3998084687773,3,3.1260784725478246
0.0328170925904454,0.69758244161359,5.96105052624009,4.6262856726778745,33702,14183,10192,0.6137123547669248,19.398986613329484,2,5.320228523579555
0.004759692360334421,0.9107855320907587,4.888562848768382,3.927937526071486,122419,52465,10921,0.3656703531419725,20.01126955375345,0,5.302715660196506
0.012903563345675165,0.6099397455692661,3.4699088286145003,2.7648220427522694,151854,87806,59232,0.6894810340292065,21.153449374412425,2,3.1795453491651093
0.00513137976428065,0.8969339610323215,4.368933053581317,3.3535646740078877,50489,29477,5203,0.32365119099451456,4.800626684790005,0,4.5273123099106485
0.03041648757761744,0.7774926945443612,5.98438173583859,4.944869600478602,126075,76116,28052,0.6338072541245972,14.990693964982192,2,5.686600040550392
0.030271636407675665,0.902606832610605,1.8560210482641968,1.5354642166969141,31296,15686,3048,0.3675619883714073,3.9467799658817815,0,2.0728766925408344
0.0025808653495043477,0.554368567906825,3.405949644949326,2.6875693713723607,162110,69718,72241,0.7149067755387004,8.34972812959644,2,3.090704777078215
0.01608395198451828,0.5426464468948615,3.0066147391307685,2.4570763299717546,166570,73013,76181,0.8213655405088083,15.153299530120531,2,2.8256377794675176
0.01138914407472862,0.7428070654228038,4.511408662461659,3.173744693511266,81126,50457,20865,0.5805380539228894,7.617292691220436,2,3.6498063975379553
0.012393735241256098,0.9228966526268151,4.678847691051607,3.6460052500352846,183996,123264,14186,0.4848878157418044,8.769400117318426,0,4.9221070875476345
0.03067507505270106,0.8905239508319029,4.604858674538413,3.313703322035289,196630,93850,21526,0.8074717056883327,4.9726969617522006,3,3.4793884881370536
0.011822716804582405,0.5268457509932077,5.923137148043647,4.93805663929874,49104,24818,23233,0.3919050482710986,2.76804371191472,0,6.666376463053299
0.014114368233874682,0.9427440588116681,2.6729061142897352,1.953832825186136,147552,75055,8448,0.41960414597526324,23.36249245994917,0,2.6376743140012837
0.011438006216843356,0.6952197642603758,5.896912716161432,4.387323181084975,170024,81988,51819,0.3358560412015801,3.148217170257719,0,5.922886294464717
0.004928927760435519,0.5349698368057962,6.32390680863946,4.887336077947429,75043,39435,34897,0.8109207045649429,22.947291692977387,2,5.620436489639543
0.025333000324167618,0.933494364936627,3.2375361931133737,2.4513536206520903,20819,12664,1384,0.7224475977192439,21.22764232914992,3,2.573921301684695
0.005172155093626159,0.9030010345753325,4.532497063613395,3.7747930743656553,135775,55294,13170,0.5105758685159464,14.107172304901288,1,4.718491342957069
0.02406424305261867,0.6402312608752256,2.764995824652566,2.0936267954614523,104500,44118,37595,0.3962482558128212,22.46295568253388,0,2.826396173872961
0.021695375948015228,0.9656391845835379,7.991250240739219,6.039619253943989,159510,82021,5480,0.5961731579097829,22.51151237995735,3,6.341600216641188
0.03206907282050538,0.6057297482569178,1.3051644525481607,0.9734067620523945,11563,7514,4558,0.6784626319435805,2.48676772158688,2,1.1194177763602535
0.01244799274251614,0.5707930913313566,2.630805484546274,2.1988888417198593,125497,65862,53864,0.39477151051359727,4.664484509738784,0,2.9684999363218103
0.020676412360068095,0.6784996506344679,1.5622151356167153,1.3014002886975478,121744,76038,39140,0.4552257278649611,20.696811107314378,0,1.7568903897416897
0.0050254926085402385,0.8704750890086631,1.6868321173035872,1.2938632678155801,7596,4339,983,0.7246838776441056,23.34420106081474,1,1.6173290847694752
0.009878322910724619,0.6640799059895007,4.249864942001578,3.5659606351011313,89458,61820,30050,0.6034103868347511,12.766584980463316,2,4.100854730366301
0.03447189068514895,0.7729085036317603,5.627825491418672,4.220394028270403,154388,105732,35060,0.8482035736619098,10.630546047429041,2,4.853453132510963
0.02136642966189682,0.9195711502267998,1.822234509574688,1.4640463666612968,134647,69367,10829,0.447800108205635,16.99737714787637,0,1.9764625949927508
0.005578411487071534,0.7541213655013137,6.376517900674339,4.620709885829684,110977,73177,27286,0.5713943536055062,15.159378189087207,2,5.313816368704136
0.02036071122522506,0.7011416261252574,2.3477094080669763,1.9057998602331578,185841,89081,55540,0.3714837401403469,13.423577292287733,0,2.5728298113147634
0.014850063595401298,0.8424541817073632,7.329179846834087,6.0156971003849815,168148,98707,26491,0.6544178892550261,18.42324960507552,3,6.316481955404231
0.010948832732397822,0.6579433227822321,4.065984235268878,3.033709416962589,63194,44130,21615,0.3210691067618137,5.732269168858718,0,4.0955077128994954
0.03134644032608443,0.5296757932721904,7.207744671404652,5.818691337423156,13043,8574,6134,0.7052126215022751,6.959008450890379,2,6.69149503803663
0.01457617470487672,0.748868162670326,6.671440946523349,5.509731195877562,190409,105253,47817,0.6818511105397247,4.571408538380554,2,6.336190875259195
0.020219824638435392,0.6218589866408561,4.022018195186278,3.1979371387919047,124952,76471,47249,0.7911664769472824,23.984818648618976,2,3.67762770961069
0.01848691170129099,0.8912623214280156,7.751566891941584,5.601952752250121,84314,58685,9168,0.4683033578649188,4.93067801726618,0,7.562636215537664
0.019549126501703772,0.920399153144779,5.746422637513726,4.277707769195154,141072,97704,11229,0.6874230492894162,18.38040974982369,3,4.491593157654912
0.004219302740749376,0.858728201213119,6.175410330687134,4.9339166618241475,188581,111728,26641,0.7500166007537548,2.1299984113472488,3,5.180612494915355
0.03472789830650494,0.5896179484413077,4.291742899619834,3.5655991431492695,21238,8927,8715,0.6702384030291453,24.93570368056562,2,4.10043901462166
0.027526525601913078,0.6423761206729531,2.944736462937664,2.3560329697611397,182244,127287,65174,0.3631324532633368,18.697281924551987,0,3.180644509177539
0.0027593463087494394,0.5147940875152224,1.7373372597147503,1.467742212646334,33390,20933,16201,0.5387358936586959,14.844874207171104,2,1.687903544543284
0.02875943109041898,0.608777572059298,3.4000811766919043,2.774453661681058,105271,51884,41184,0.8071722290411758,17.104622248504803,2,3.190621710933216
0.015835940606322797,0.8870568808343942,6.725402382326653,5.000822519986326,185678,87826,20971,0.782613557749858,6.577406916344703,3,5.250863645985643
0.02775666471750391,0.7262852016696137,7.993635374581175,6.601653485127192,82661,35545,22625,0.6237789358848089,19.903099130123866,2,7.591901507896271
0.004173156089174098,0.584602126537819,1.0860346280896964,0.8569333284128884,72173,38102,29980,0.5897113188365254,10.311800066007478,2,0.9854733276748215
0.022286024069056193,0.5149785000003386,7.789239393172343,6.532884531429947,127247,61890,61717,0.7891175981055202,22.257217272706356,2,7.512817211144439
0.026760358964501067,0.7761005321682974,1.8400192473182164,1.4348392076981733,25426,16213,5692,0.7169710635732647,22.94408766956992,2,1.6500650888528992
0.0015042255226780676,0.8964605762432926,7.569234371872682,6.19462407367947,32799,19042,3395,0.7320897647102541,18.71190958068624,1,7.743280092099337
0.024850680927998352,0.8510208370058814,4.180868258970247,3.2239679647757664,126401,74238,18831,0.7540847698791767,23.54580083902904,3,3.3851663630145548
0.028306221650087313,0.7090702505017443,5.444399647184449,4.510385115867741,44097,26899,12829,0.3033458210032276,12.840001240399689,0,6.08901990642145
0.005041617590338673,0.9163350550415935,7.709152495167208,6.505084577893976,41672,23674,3486,0.5188765025126731,17.51750181653272,1,8.13135572236747
0.002891714417175892,0.5607302051895753,4.494480524732867,3.3733086187877546,163907,88207,71999,0.5643414034891542,14.896370000480319,2,3.8793049116059173
0.028807805688195062,0.8390217126300373,5.641441343904344,4.394749513395447,41476,21784,6676,0.6859520724156817,19.395631089043658,3,4.614486989065219
0.0275187148812185,0.7341598797699982,4.009179306873936,2.8130575498985553,191571,125856,50927,0.6970253319422504,22.329521463445413,2,3.235016182383338
0.02193639469972018,0.5638608986489493,1.8035717689871484,1.2754865779715157,15046,7122,6562,0.7632372718595788,20.929651102302582,2,1.466809564667243
0.00885197221350495,0.5482343990104854,7.855943595743198,5.847993343975402,186161,99620,84101,0.4779414527979764,21.70301936354518,0,7.894791014366793
0.021182849363359058,0.7538211448343264,6.2036541548293105,5.101497268859925,168223,75496,41412,0.5134270985321279,6.268893470974962,2,5.866721859188913
0.027935559806293576,0.7038744154211072,1.6540230678974948,1.2779832974978238,81757,39514,24210,0.40333947264988274,8.00960928774727,0,1.7252774516220621
0.026546640198207096,0.6813284376626185,2.213724965889308,1.5822772392791147,188309,106346,60008,0.6970192382932118,24.84757412768402,2,1.8196188251709817
0.005473404203883492,0.5241530795216641,5.860491222966897,4.833931641039536,156619,78117,74526,0.34837415460280097,18.214317677565734,0,6.525807715403374
0.01324447738431173,0.5222776673304137,2.1047888690985896,1.5166734397036128,26536,12176,12676,0.6014660357400001,12.419339258744335,2,1.7441744556591545
0.030843783634552924,0.5490155188229053,2.8041804291806303,2.2791532834611434,73464,44354,33131,0.7802841701577266,10.576017605659791,2,2.6210262759803147
0.029612307901505458,0.7112302027769103,3.809351601695982,2.682730736705504,122843,66379,35473,0.4512721424174033,5.262063059816523,0,3.6216864945524305
0.0011273332201836837,0.7607571676425695,1.7500968784884638,1.3279020453941535,169763,117194,40614,0.698157469156186,11.471118001778404,2,1.5270873522032764
0.0016493755146183063,0.5167068919481024,5.7936258695209935,4.783569851021077,19860,10362,9598,0.31712465586181326,24.250237495410286,0,6.457819298878454
0.03453542611337495,0.7691886302076916,1.494696752865739,1.1675762042030167,24283,10296,5604,0.4332813962995564,19.794624969022767,0,1.5762278756740726
0.018975319025079873,0.954704840275652,4.00125985838948,3.322933696421941,184780,117792,8369,0.3634101929359801,23.335782226697685,0,4.485960490169621
0.02891883111090515,0.6101344309399245,7.119275633057675,5.26482118579225,80656,34021,31444,0.7601908963209039,6.0145553205804205,2,6.054544363661087
0.0034076998471159934,0.6961073568140175,5.038454970197504,4.173037568982495,8051,4281,2446,0.3332458076418986,19.229658317595025,0,5.6336007181263685
0.020215890711613876,0.7194667589737869,3.164882151545328,2.4539223261419276,47967,30080,13456,0.5991415330709526,22.167498805544575,2,2.8220106750632166
0.019480493098081034,0.6167485825365657,6.9576431756250114,5.451889915730379,59918,35175,22963,0.4967442207183351,21.421329082717513,0,7.360051386236012
0.01641219111398246,0.8559562654726343,1.66875345345366,1.2672574667491272,117111,70692,16869,0.4275148361024814,4.488282482240892,0,1.7107975801113218
0.022791170337898566,0.7563597030839257,7.294017019115115,5.900795604288846,167605,92679,40835,0.7459512958109832,12.052795903421927,2,6.7859149449321725
0.005211939220049105,0.7765765024103686,7.666109692207747,6.278153232065324,118089,51677,26383,0.404277519597181,2.7311504397681663,0,8.475506863288189
0.02392386929145009,0.6966845869932202,4.9306721914120155,3.9225649161308898,54029,29128,16387,0.5282929709542895,5.42920060944298,2,4.510949653550523
0.03356585700965081,0.6981130912976818,7.127303578465356,5.191552402798715,87673,46674,26467,0.6691118741059398,2.744633677311386,2,5.970285263218522
0.020932114849016414,0.7713505156736316,3.4264830237423496,2.5021108260911435,155012,64509,35443,0.33832007543297327,12.13200011163537,0,3.377849615223044
0.009586854611892574,0.86527168261844,5.439330538448337,4.437842193201667,146545,95946,19743,0.6390636471976845,6.289753287593375,3,4.65973430286175
0.007025118913922144,0.9277874447478069,6.199116046343235,4.952534945018067,21148,9212,1527,0.3159393246374869,4.595996605876909,0,6.685922175774391
0.015662356900129418,0.8366084739216175,3.0249769710937406,2.503021115434928,173276,119641,28311,0.824785618194035,19.785353121336748,3,2.6281721712066743
0.03270178686898502,0.8464770773189447,7.26908232993827,5.346199669017124,100561,54495,15438,0.7411344076209416,20.14587062044837,3,5.613509652467981
0.02683990338325293,0.6710075182979364,4.176972789795366,3.2966559487674414,16154,8081,5314,0.5848807231167639,7.208206528389519,2,3.7911543410825574
0.020695106205556778,0.7835605885716468,2.44832026395634,2.006021908898119,44491,22037,9629,0.42770163090866054,22.21125319319335,0,2.708129577012461
0.029415236337638193,0.6125827306792079,1.2492365856155614,1.0252233428692776,133993,87855,51911,0.6307521948445365,24.099678266049935,2,1.1790068442996693
0.02378630589198106,0.5858356832150486,4.316483536154756,3.441422855765592,28289,19441,11716,0.7283059863088404,18.94461580953212,2,3.9576362841304302
0.02446702661070727,0.707434856808527,7.462976909922013,5.3057105333981704,161405,93427,47221,0.4619552543626381,2.314177319011716,0,7.162709220087531
0.0036400291220118853,0.6919304400003113,2.0778204581597874,1.5719188437153464,42664,29180,13143,0.4355867127116526,20.471175245254614,0,2.1220904390157176
0.021809687129237212,0.6846785582737547,1.0095758905447576,0.7743345064876863,166201,84681,52406,0.7836795206454179,2.9026022489325674,2,0.8904846824608392
0.034591409910288876,0.8255439513172655,5.767963893506733,4.070450248495478,122302,66707,21336,0.35817839879173685,8.39220624769526,0,5.495107835468895
0.031270691511264145,0.7694943237743169,3.893916026217361,2.7681939500694366,48794,33040,11247,0.6515296059677301,20.87799633097679,2,3.183423042579852
0.00300611335596941,0.9439947582088621,2.322475467873872,1.715097187432617,35284,17407,1976,0.5473239179868366,20.530750144168522,1,2.1438714842907713
0.006494946064830113,0.6434894550055276,5.756556159155888,4.302009011617489,96104,43505,34262,0.6622423799297019,24.435080666632125,2,4.9473103633601125
0.03065299323520175,0.9222894363114946,7.536726117650974,6.286329284861608,161978,76093,12587,0.6392871807934488,13.707050221344979,3,6.6006457491046895
0.0347143243680195,0.9817758334603355,5.445171962991267,4.17334628355642,128001,77407,2332,0.3558659993294597,9.552097697646518,0,5.634017482801167
0.003559256194122531,0.5359467721632906,2.370874693259636,1.8321834844522886,199626,102560,92637,0.5560902821608792,12.732277280793477,2,2.1070110071201316
0.009738191878125427,0.9166033809849738,3.488804543797219,2.562310967627411,127994,55471,10674,0.416668969297067,12.88117437628562,0,3.4591198062970054
0.033932869721761606,0.8781867903722979,7.287604352139811,5.466120313816747,151375,62327,18439,0.8147852095152073,4.186497834912392,3,5.739426329507585
0.023916781809382184,0.5653643285809966,7.159338033154547,5.559991982097622,82952,35781,36053,0.4151808992401545,24.311762234930022,0,7.5059891758317905
0.023707247556149138,0.8814909825040856,6.432975825840655,5.019400552694199,20583,12516,2439,0.4774674756303456,15.14654505182454,0,6.776190746137169
0.033528739349091743,0.6467386893443167,7.931665188611228,6.304954088999217,104790,65914,37018,0.35486965222097344,19.867121497310638,0,8.511688020148943
0.013628175007769892,0.5193011798159465,3.5427232499352406,2.804407015618847,10397,7040,4997,0.34271982730006123,23.390154556162823,0,3.7859494710854436
0.025042675609813343,0.6615589659529597,3.7352524339636526,3.029743201182714,136735,80041,46276,0.8197308649423758,16.867903293816074,2,3.484204681360121
0.008343499374803113,0.8570347386212811,5.5199724132194605,4.680173223489512,127603,80330,18242,0.7202069441161464,8.726245602940105,3,4.9141818846639875
0.003767270765521419,0.50560201156938,3.9921537326973984,3.0402272267222212,77799,42084,38463,0.44103010326648134,22.49827714372375,0,4.104306756074999
0.01769631028822167,0.7935960612531832,1.6696809729974889,1.2646789170333042,47135,23261,9728,0.4692860155513586,8.64714569889266,0,1.7073165379949606
0.016930293537333434,0.9846978243012383,7.221507367013522,5.410298690455842,84711,38265,1296,0.6958151590781914,16.133063188668594,3,5.680813624978634
0.024108954458781588,0.6720976190271091,3.1971556143863546,2.5661376485313054,125910,50831,41286,0.5196674414239529,12.589816914431834,2,2.951058295811001
0.03183712596432828,0.9380539601410512,7.7626794486153665,6.464493555675135,99485,57324,6162,0.4105357180351818,20.171704920155317,0,8.727066300161432
0.02764590161787316,0.5551775030292627,7.384451170134724,5.384700787999221,10462,4509,4653,0.3707227471122003,4.102530665702895,0,7.269346063798949
0.007059970391156957,0.8373590177426641,6.81586075811407,5.189065313288346,144489,92179,23499,0.38258450430113133,17.173825241997413,0,7.005238172939268
0.012001638537343404,0.6671890154721551,5.633424111105485,4.338017746254446,97663,58118,32503,0.36604988861435317,2.1302490120933246,0,5.856323957443502
0.0027606370940642935,0.9489131062590581,7.359244599822756,5.400755755800041,18368,9150,938,0.595416411557707,6.866174549253953,3,5.670793543590044
0.028579312893975195,0.8790819560528228,2.017041983760471,1.5522639949909056,186374,78900,22535,0.573559629425102,5.406551272447529,3,1.629877194740451
0.028592598215380922,0.7060893813368782,6.355016267942061,5.3583531191766856,15108,10355,4440,0.6123650897789017,5.802461981552463,2,6.162106087053188
0.03280346244224582,0.9255671513924177,7.050890937468499,5.668854012837169,169628,113694,12625,0.4721200895415971,15.205725991020406,0,7.652952917330179
0.018025679341193528,0.7398848440515268,4.192737796620488,3.064239028758858,149512,96763,38890,0.7833405269472595,17.68307770042564,2,3.5238748830726867
0.019396307194331962,0.970761541060741,1.8396934542373435,1.4914146622976514,20784,13473,607,0.49806474351895214,15.80285061860842,0,2.0134097941018294
0.006312885553586091,0.7624076825208438,2.6129538027003605,2.1205701527159895,190890,112870,45353,0.46711946947752236,14.43217277504552,0,2.8627697061665858
0.007452750432775598,0.5915673850576932,5.035947743958248,4.04296403850142,170926,118583,69811,0.6602102541246748,22.242453345747307,2,4.649408644276633
0.008274698848587045,0.9763006261465456,1.9994939509769525,1.4299756459929613,129202,84749,3062,0.6932510828937286,17.882386836658007,1,1.7874695574912016
0.01958117469585287,0.8434751307432791,7.5498186428333804,6.038730447557635,72519,43780,11351,0.7577241792774083,12.551670669001638,3,6.3406669699355165
0.021182632085671695,0.6309989089578382,5.521415684838598,4.6815851228077525,186873,78282,68956,0.5334000837747408,2.3590443119277724,2,5.383822891228915
0.011822111118333412,0.6803305200252205,3.6291221180694673,3.0735126078394837,34373,16269,10987,0.7580669728752935,16.131430214294816,2,3.534539499015406
0.03205035106260275,0.6136645415573151,1.8479700169423103,1.295266448067632,161014,112628,62205,0.6822308978502514,9.093075615198359,2,1.4895564152777765
0.03081319182288984,0.8830439103341002,1.107906162535775,0.9112850278235424,26818,11931,3136,0.424481961855391,12.777335500628197,0,1.2302347875617823
0.015445509520312376,0.6415547766933711,2.205528255449229,1.7960380103738376,173862,110113,62320,0.4627653322193477,7.630606112479068,0,2.424651314004681
0.0084006397862419,0.5669805864996278,4.859313847846108,3.842794255130886,18149,10963,7858,0.46078332120586035,9.59715312412747,0,5.1877722444266965
0.02417149420503949,0.6712293439839778,2.4883623273351914,1.881576226527412,69967,29840,23003,0.7565763962521594,21.621561950611834,2,2.1638126605065238
0.008471510205673903,0.5317383777673489,6.171792061458256,4.516081047102028,17342,9573,8120,0.7620046744081994,15.380954051291587,2,5.193493204167331
0.011996530080955317,0.752953194614288,5.897944490249431,4.21169013058814,182719,77153,45140,0.8456944429466253,17.078660878631304,2,4.8434436501763605
0.01943128131274284,0.8750942651985968,6.880540117814069,5.648973081244571,126035,57477,15742,0.660197916164807,10.642464999491146,3,5.9314217353068
0.03440441013607764,0.8260483483927445,7.695842361104446,5.619634707814884,23866,12433,4151,0.5057444110085119,8.219984759590321,3,5.900616443205628
0.01109782629874016,0.6766017851121262,7.921863429460655,6.47567707457672,123833,81943,40047,0.6483168295192693,22.483656482803912,2,7.447028635763227
0.01261812936242776,0.7276142437577422,7.273589401156759,5.388900341673003,153460,88623,41800,0.3069618056662892,2.0276831199074117,0,7.275015461258555
0.02194735111307806,0.5926183629939316,2.343212848026667,1.8698621425651345,117858,58224,48013,0.38218754617811046,15.344056505320278,0,2.524313892462932
0.02350001526073146,0.8533565682635313,2.786618518429958,1.9879387145023375,45118,27054,6616,0.6392059443161966,16.39570535725182,3,2.0873356502274545
0.01107317442245196,0.7034208068954609,6.595030041329502,4.919609850333928,176742,116356,52417,0.5675342092643394,5.092511937642482,2,5.657551327884017
0.01083977444395003,0.8245906869764623,5.291853816190919,4.125796312114586,185618,106613,32559,0.7318007121587446,8.758249979305091,3,4.3320861277203155
0.026701529729906068,0.6874258480360098,3.8781267609244434,3.106018400353726,198474,102356,62037,0.7285073030362557,18.670153927495015,2,3.5719211604067844
0.0030238906936419646,0.7849390717157954,1.9113254444056167,1.6152570730957878,31352,17193,6742,0.4710016158741981,13.585853142089386,0,2.1805970486793136
0.006500294117079911,0.6809672626637211,1.690766422387142,1.3285653501222443,21025,9047,6707,0.7410562157407905,23.046765601412538,2,1.5278501526405808
0.026724193756480424,0.9029869319079759,2.5154339708628215,1.860253832785156,140047,84772,13586,0.5935734683376133,17.340651813799557,3,1.953266524424414
0.008945484325065239,0.7399256637913179,3.7361309432507994,2.6655657582599463,35609,15048,9260,0.31730145738531434,17.995938896348783,0,3.598513773650928
0.01590658232838014,0.7705853833467684,4.903628733356914,3.6365623145797525,11015,6308,2527,0.5117584542455894,4.910795888867479,2,4.182046661766715
0.014111100311127125,0.7598630504741208,5.1918381025540885,4.3630657463710145,182587,81360,43845,0.39580021365911044,4.311379462514343,0,5.89013875760087
0.026098178725511206,0.8459999164610099,7.904540311878168,6.152131490615556,16251,9310,2502,0.7807476918900904,18.583483903963284,3,6.459738065146334
0.0228580565097026,0.7769101087816948,6.060793671100824,4.624070872827617,86443,40809,19284,0.49731886210637577,23.037297470746235,0,6.242495678317283
0.020553827275938293,0.8617140296890046,4.430834652887474,3.12076395338419,177115,99428,24492,0.6953339691510141,6.952602133160824,3,3.2768021510533996
0.02554492551573834,0.8972262290069211,3.8832823485347783,3.153081138700902,169265,117319,17396,0.45005246788411124,5.6425794721716045,0,4.256659537246218
0.0027692864816150535,0.6180702345178275,5.788496204907748,4.125974879897569,56116,34119,21432,0.8043750745849618,11.075913888208532,2,4.744871111882205
0.007114711192408403,0.6396987546976671,4.185361933656971,3.1122248772394805,135443,84082,48800,0.30431470668234273,14.402302128739112,0,4.201503584273299
0.027988071439011636,0.6304518602955594,5.223040574284122,4.180182260767231,183666,98032,67873,0.4906178933316786,21.22625367963971,0,5.643246052035763
0.026787162537995388,0.6574150349728172,1.7211343610954426,1.2233326178446278,166919,94738,57183,0.5090040503324136,21.85598084143786,2,1.4068325105213217
0.023433652889794036,0.8533905112313525,2.05461816745368,1.7104179542436133,170625,79653,25015,0.37043032617328425,12.128261783282758,0,2.309064238228878
0.031182113879578536,0.6236992846088312,3.6162739429606727,2.990332952412386,79874,36093,30056,0.6755163086034359,11.825669627482196,2,3.4388828952742436
0.021111979110082685,0.8596913771613228,4.604631460601114,3.785456455082589,99792,47420,14001,0.3768573627603949,10.973926451249632,0,5.110366214361496
0.01066061938298355,0.8591319072189789,1.7609628573970584,1.431326292337729,52177,24033,7350,0.7355807455805317,19.083862745481582,3,1.5028926069546156
0.017195087873241355,0.5244915303880003,5.269256191685095,4.00994935965553,55317,32754,26303,0.5401380092109495,4.125685310423108,2,4.611441763603859
0.03214231599741971,0.8814616187321557,1.3946473390338672,1.0860949767313486,20231,8447,2398,0.6081485415783352,3.947551570581868,3,1.1403997255679161
0.03172735620070402,0.9444875353982649,5.887630928691911,4.939300431036144,140824,80398,7817,0.4683325590188967,7.009379647677696,0,6.668055581898795
0.012124800749323594,0.8079627607436404,2.2085957508267926,1.6317017847232584,190915,109019,36662,0.7037825310509951,23.87006070638484,3,1.7132868739594214
0.0038380461144077644,0.5027610323321002,1.2085983461070828,0.9481483084216245,73896,33694,36743,0.7920907504847761,7.716328046295235,2,1.090370554684868
0.004104501837657466,0.8675074378220606,2.2293087403181646,1.6848767685626909,115174,74121,15259,0.7561774234865755,20.444765361036602,1,2.106095960703364
0.025711833792376047,0.8887232947359518,5.696876388886629,4.560207132079382,19620,9103,2183,0.4789647329586817,5.466950839716873,0,6.156279628307167
0.022099012644245956,0.7057360995264503,5.292983427893291,4.309818297279344,88794,52236,26128,0.8143876729168831,8.87847912100339,2,4.956291041871245
0.013211573913554406,0.8516746472375751,5.279138619387707,3.836772026249455,108733,58754,16127,0.5306644108826142,6.1003205914069385,3,4.028610627561928
0.03243062312066492,0.8735361932300482,4.3694908247549655,3.504371640847498,25782,15168,3260,0.3000652547009675,2.421344879881506,0,4.730901715144123
0.014244806611287242,0.8387614334953195,5.865275635481828,4.484107279422283,149177,75747,24053,0.4609984408118745,6.010204275970048,0,6.053544827220083
0.02791351290362095,0.9681529407255873,3.8955132839177873,3.283384418985995,31240,15078,994,0.5099404005014478,10.62110310051319,3,3.447553639935295
0.00930295208839026,0.7110456125322185,4.313421166493328,3.500916043954141,36415,16298,10522,0.6260247646301427,22.612549360426097,2,4.026053450547262
0.004698744702075068,0.7317278818217279,6.252471856858399,4.950230153641638,46936,25916,12591,0.8477150809439502,6.107981914444014,2,5.692764676687884
0.03440240808344383,0.6843133942724275,2.4022434025167496,1.8307890033299201,187495,105992,59189,0.3795601961038373,16.05792961757309,0,2.4715651544953925
0.03273079469774903,0.5958922842584894,6.351946026399714,4.468755136664543,43469,25217,17566,0.3552206288565806,23.77574407302848,0,6.032819434497133
0.0036536839655963277,0.8064246368004842,3.96756079125507,3.1085584389010794,84003,56757,16260,0.5203274557578998,6.423892598925493,3,3.2639863608461335
0.010204573778663434,0.9184604035132208,5.001478062891035,3.842393798492222,174870,111197,14258,0.5985254261878923,24.006326963698505,3,4.034513488416834
0.006230901882487412,0.734460521348657,4.763239947084891,3.685735354138149,50038,30078,13287,0.36966215625504395,9.96838006889039,0,4.975742728086501
0.012528612845154136,0.777159774468535,3.0402089236052783,2.1816258485664117,74110,48565,16514,0.8123844525062582,24.369303606167943,2,2.5088697258513735
0.027557972771106477,0.5684541898630321,6.9717827696570716,5.298513150983757,82332,47380,35530,0.6658622569145869,18.39251406804664,2,6.09329012363132
0.03098757808604841,0.6818753191376654,1.5274842736022425,1.2888183500403567,66726,37771,21227,0.7989961420481497,16.36546063847702,2,1.4821411025464102
0.011292798824450043,0.6450863622875518,4.511050549345193,3.7441324136183276,158627,109265,56298,0.339537367568712,8.171499586179788,0,5.054578758384743
0.003727062065666684,0.8680288050121938,1.9858358240526854,1.4198387511287347,119672,66453,15793,0.3920521418996582,24.504503460238528,0,1.916782314023792
0.013751383740167142,0.55239354519915,4.456592270010223,3.7038725063910314,103510,51756,46331,0.4861942923625011,6.521818326742476,0,5.000227883627892
0.030263420919515643,0.571849099363515,7.360275164597237,5.465152680250045,59808,34229,25606,0.7472161499417806,20.085119712336436,2,6.284925582287552
0.03126358609705194,0.7708462493223847,7.773529649129661,6.603007293162791,127377,80170,29188,0.4341629100956189,21.293458364263365,0,8.914059845769769
0.013780017024609882,0.7607632808195286,7.593723412940113,6.091596413430181,156468,72607,37432,0.5345144421231838,23.608060417442136,2,7.0053358754447075
0.01557117048539371,0.6756001398428751,4.083756536863648,3.1768273704332497,148194,73726,48074,0.6107499841500537,22.273919864014246,2,3.653351475998237
0.027897880018848947,0.7711334994871575,1.5170929253522734,1.1270270093173815,45503,25819,10414,0.33113823522409785,5.9073061286989725,0,1.5214864625784652
0.010700122510267758,0.6384865469162316,5.713945601728094,4.015488409409813,28653,13237,10358,0.36076610103631024,21.078285479112907,0,5.420909352703248
0.024647150824527966,0.7817801638200204,2.324980054777722,1.8379007899194626,51149,33493,11161,0.6387141419316797,8.72357886438057,2,2.113585908407382
0.015305847064399667,0.8462802463678322,7.812825203547296,6.515668145865922,114875,64344,17658,0.5488389723146525,24.46049144592497,3,6.841451553159218
0.0026932096184088105,0.588507316319173,5.532554301808661,3.9859555689911077,114398,60382,47073,0.7018114487383726,16.359717110677728,2,4.583848904339773
0.009079121397054295,0.7466025195692864,7.483498737789981,6.1533155670050315,42083,24823,10663,0.6960429883729012,5.6996304574335745,2,7.076312902055785
0.02251041878160435,0.525705641526877,3.0528626001998114,2.5588293673880456,173658,96110,82365,0.35129306609945743,23.180381630094487,0,3.4544196459738616
0.012694660861841296,0.9449847077147091,7.61412949337381,5.336890292501504,107478,53008,5912,0.7281313363446371,14.4938527041925,3,5.60373480712658
0.02929932678154183,0.5546817425939112,7.443879199658059,6.254621008866654,175002,106378,77931,0.7771903764040229,10.428502865819532,2,7.192814160196652
0.002469265784699943,0.977415642230163,1.120210934636587,0.9433831158467918,112721,51646,2545,0.4301502073484396,22.167159665766558,0,1.2735672063931691
0.028863598561519942,0.8026334969614382,7.962894113873948,6.452154664219684,75687,44745,14938,0.7066798525162261,6.164158290859393,3,6.774762397430669
0.033606240949990776,0.8129822355817266,6.929328432093884,5.411873809883378,139206,65977,26033,0.6099891220790651,20.668729692236276,3,5.682467500377547
0.026381873193472186,0.77437986225578,5.41972777130135,3.990626006274648,82818,34121,18685,0.410468168828114,6.27819393268789,0,5.387345108470775
0.009661799036794743,0.6494179724718538,3.5204584548550977,2.6863937383867995,18448,7613,6467,0.6706694469901628,14.358700971390787,2,3.089352799144819
0.016100902875484067,0.8108755711724926,6.793755850424784,5.19147527582136,31547,21854,5966,0.5018843506410231,6.776734194144744,3,5.451049039612428
0.032000925972464477,0.5856712517646309,6.840959920910413,4.942814056549237,146439,81346,60673,0.810201064554581,11.368703171574996,2,5.6842361650316215
0.03496072412427746,0.7838178172615033,1.295882959651542,1.0211729031350056,162038,83528,35029,0.4353517748524942,15.280417310757796,0,1.3785834192322577
0.015205942996462066,0.5812450556548432,2.0779159319421976,1.6750481334683671,11376,5784,4763,0.6307569162937383,16.029574334732846,2,1.926305353488622
0.020056098393899064,0.9482009143253951,5.721087499568079,4.351230026139823,67968,45184,3520,0.8194408792952463,4.312809950580137,3,4.568791527446814
0.01024276175546288,0.9797756195836852,2.892928872815706,2.3256431754511766,158415,108252,3203,0.4501069501430053,5.902204868904533,0,3.1396182868590885
0.01745568551130636,0.8439125891438657,2.590338772275513,1.8148307625036333,175114,75247,27333,0.7169420185106404,15.718263724673427,3,1.905572300628815
0.010329003084805513,0.6239698728508051,7.829363593376249,6.493479652685998,197866,132970,74403,0.8487076861065106,5.774632110703177,2,7.467501600588897
0.002853767001861511,0.661568242501644,4.231614265329908,3.0921386623762626,148041,95821,50101,0.7214225499022253,10.624819333771562,2,3.5559594617327015
0.02022904997757339,0.9094416301677879,1.127397145057369,0.9248339964248736,95480,44579,8646,0.5890970654002033,4.098763093491641,3,0.9710756962461173
0.015839245559985837,0.785077719741078,4.654514997961332,3.489193343006553,118251,70530,25414,0.6766699635484037,23.446256980755336,2,4.012572344457536
0.005991094510819668,0.8392447208057645,7.379990531972032,5.721224177782849,195333,79442,31400,0.3943321487064122,14.991530932990212,0,7.723652640006847
0.024913592453643704,0.5992144964292762,5.677816060457221,4.129881298825332,62505,32726,25051,0.6595897301334892,24.886213307022686,2,4.749363493649131
0.03288577681790711,0.5020980613396908,7.19807135053614,5.1104407685485755,192494,104285,95843,0.48744922287850945,23.957320325878847,0,6.899095037540578
0.024687257139513447,0.7642076743103778,4.57360565372054,3.310807583975587,132574,79787,31259,0.8085136208277035,20.778673366012285,2,3.8074287215719247
0.01121325333463902,0.7126387465880674,1.580422644989562,1.1305171694451863,71778,32577,20626,0.36847439404737126,23.04220275419952,0,1.5261981787510017
0.005769085257611744,0.7634477473539628,5.151741685785152,4.026206774308957,8824,4373,2087,0.3281986828547343,11.100408024215268,0,5.435379145317092
0.007412363663234128,0.7751999413093461,5.849658756943704,4.561669069859111,144978,94238,32591,0.6992191963861173,20.176502913575362,2,5.245919430337977
0.01081976867439913,0.6898737154987926,5.387438818323613,4.2184681455707675,195276,105676,60560,0.3512676592409842,3.0563907412690696,0,5.694931996520537
0.004794508781364322,0.5917010654164908,4.529237742366301,3.747357674795448,187018,96932,76359,0.8425678873613294,11.914408618688157,2,4.309461326014765
0.011394581976309801,0.6790349135221176,3.778483964366697,3.110565349088128,96200,63010,30876,0.8477950780203578,13.687618050883394,2,3.577150151451347
0.012736937055352667,0.5910918386625709,1.0335987737215953,0.8024520348413234,166957,82130,68270,0.5754757179134886,7.329115138044743,2,0.9228198400675219
0.019423578063807175,0.607682063890731,5.550703868553877,4.6384631782333505,174299,105022,68380,0.3936281678410818,6.36456183735825,0,6.261925290615023
0.03250102104750353,0.5157855266206827,4.237744603069943,3.165685454866063,169818,115848,82228,0.7188478514418599,18.013303651055306,2,3.640538273095972
0.009123579780647192,0.5581009821900658,7.0958283489974505,4.973337906521223,154911,72842,68455,0.5265249059625484,18.47011411012481,2,5.7193385924994065
0.004720633764423297,0.6325298617520894,1.3264513032311327,1.01453914540694,138661,56490,50953,0.6714279397439413,23.44740511381601,2,1.1667200172179808
0.009055547291380198,0.8398810719565476,7.8257133077014025,6.607576148547615,25936,14492,4152,0.3054840343561425,9.784666278562101,0,8.920227800539282
0.014553567384748174,0.6661950738010995,4.053882027808939,3.2224305728596,152215,87406,50810,0.5660242451668266,18.763185383812978,2,3.7057951587885394
0.01600624267531113,0.6659334503963695,3.054350041513101,2.23493068618258,41366,17723,13818,0.4907713560108893,2.8411056843480385,0,3.017156426346483
0.0073380708036551116,0.8659175178635202,3.2782829207363586,2.6233985444795467,117824,57303,15798,0.4366230828857702,17.75029424945352,0,3.541588035047388
0.007350428425626382,0.7661279695466567,7.904985823004708,6.0461866122696835,122713,61116,28699,0.39484851193205595,15.830092367738194,0,8.162351926564073
0.02521439138730274,0.6553661469878985,4.776546017890068,3.838614297170833,65684,44037,22636,0.3959456114050184,10.116190511638727,0,5.182129301180625
0.013767271243916902,0.7191728545375877,6.531160711516647,5.357652575145687,149687,60868,42036,0.6106648062194333,19.1923379852722,2,6.16130046141754
0.016117258162092456,0.9630186622290442,6.7666736531624565,5.384399617453004,15728,7328,581,0.8341703344784301,18.726573350109515,3,5.653619598325655
0.012888214935716083,0.545494092400004,4.617604162834368,3.380165587787954,185336,120581,84236,0.6386859036557619,16.57713364953505,2,3.887190425956147
0.019395029828135592,0.9543601599893905,7.523318790944224,5.844930167639415,152708,92182,6969,0.7111038819149647,4.652337764471167,3,6.137176676021386
0.008742124713980698,0.5484631788031551,4.033889907475817,2.9000336869751644,177472,118245,80135,0.6115148963471035,17.67530500479483,2,3.3350387400214387
0.012526970691292931,0.7799915825916748,4.131658758466472,3.300656112395038,170154,97231,37435,0.4350259960651095,16.986315343545797,0,4.455885751733302
0.029296900202864355,0.7250660674983297,5.756551274498677,4.592477672301189,135153,89053,37158,0.5291685457635038,19.108901460427933,2,5.281349323146366
0.030116719339303284,0.651908014352706,3.7492512847709696,2.824998731303177,138578,71407,48237,0.3304380992027491,20.62704723795054,0,3.813748287259289
0.03446196649391263,0.9037743532939388,4.884827343967837,3.6357393573168584,26552,14051,2554,0.575936641296992,22.72734980495584,3,3.8175263251827016
0.009868395535335195,0.9252359660608169,5.509689805781873,3.873593614483455,99328,59882,7426,0.4269226144891949,20.193687171270277,0,5.229351379552664
0.02110617683909601,0.6126169585893415,4.350807582364139,3.3105792794322175,105353,43157,40811,0.7927141397567345,16.997901706234096,2,3.80716617134705
0.02607629837664488,0.5012776570623906,5.397676038260626,4.254841876489077,155969,73951,77785,0.3096610006371818,16.241782275685928,0,5.744036533260254
0.016568919836800325,0.7779106276849765,7.295375863128822,6.16815884695383,150306,94575,33381,0.34609463841794036,5.696458452504629,0,8.327014443387672
0.025928963368401205,0.7113690736301209,4.12175689283084,3.076030700825799,140611,64055,40584,0.6448039536226426,5.997373714110513,2,3.5374353059496686
0.0031700851801302623,0.6618752674625399,2.6179823940689335,2.181692344580499,98676,60902,33364,0.6030440844729228,19.719499342624434,2,2.508946196267574
0.013610270616106451,0.8579286835607416,3.8747337379789024,2.874855639930974,193443,98582,27482,0.5587377362147827,8.130652770448599,3,3.018598421927523
0.012725708645569132,0.8180317889614248,7.179682592071595,5.224077082659175,131560,90176,23939,0.6505038955676982,20.1171433020758,3,5.485280936792134
0.024792147478368904,0.6007301454207192,1.5000686810617982,1.2134700134661636,27778,19108,11090,0.7834457692672576,19.35769797996725,2,1.395490515486088
0.03273807492621697,0.6078634162095244,6.854585051070604,5.507650036734505,40546,20888,15899,0.7239941223753414,5.284628293001401,2,6.333797542244681
0.00796931806894775,0.8360966868028801,4.921617841387838,3.5956441822493432,23055,12822,3778,0.5152330600564059,24.078346773420535,1,4.494555227811679
0.012391671811908402,0.8814874524971177,6.9879130824182605,5.348136209072829,81497,50880,9658,0.8020927891684289,19.36342986066148,3,5.61554301952647
0.00872229643012343,0.9352707962444756,3.713071672057832,2.9200873362623616,68209,43648,4415,0.6561703993490382,2.0830974482874893,3,3.0660917030754797
0.009625606033009406,0.7420067625810616,5.330811447983799,3.78401589342427,12749,5173,3289,0.36171075172110356,24.7829998934049,0,5.108421456122764
0.010533402072071919,0.9780161649247372,2.2777208570607175,1.7177754515734818,8405,4173,184,0.4908318915934661,6.792859674898392,0,2.3189968596242005
0.016151103531397693,0.5254767813915372,3.102542564997796,2.417093456150038,159014,75557,75455,0.4836131353888622,12.838766482341146,0,3.2630761658025516
0.0019101999139063469,0.5450495886012104,5.801504544957537,4.43435387538772,194506,124101,88490,0.3188826941285693,24.598976613464828,0,5.986377731773422
0.030415077382226628,0.7840233332116697,1.7790696392994654,1.3027965357787434,74694,45177,16132,0.43052278849211334,12.064748106337252,0,1.7587753233013037
0.03010724129603705,0.5820372443956631,2.8587492392963347,2.192131944564571,132368,54290,55324,0.5223815326411482,20.048907623980284,2,2.5209517362492564
0.028705478508825176,0.9543929814352654,5.9195605187260165,4.361372906163941,144111,59042,6572,0.6558105876040358,14.748789864701404,3,4.579441551472137
0.023672433545883966,0.9557688711599217,5.810936282043021,4.346972516479044,31597,17330,1397,0.8201558776712616,19.194216629244536,3,4.564321142302996
0.02583844947088369,0.522713102022797,4.847687683025837,3.732955685991809,31408,14987,14990,0.4484083993101019,11.460963724274508,0,5.039490176088942
0.009274570255816787,0.5633001197262872,7.001903926555606,5.487682536838063,153579,67064,67067,0.7808633923912294,3.3717104464617447,2,6.310834917363772
0.011802838584999753,0.9856643061226116,3.956295153720967,2.847240517592791,95153,66154,1364,0.4028734768812929,21.890487601023928,0,3.843774698750268
0.014274393090592322,0.6868705475984901,2.8388834232783116,2.0062574848874357,20493,13569,6416,0.3289703325063334,22.450334125903066,0,2.7084476045980383
0.008452267752179278,0.8324842296650441,5.077861874692202,3.975666823913639,46410,23410,7774,0.36134333719342204,18.1955592681441,0,5.367150212283413
0.025764284293048566,0.9394462319719465,1.3685903161575594,0.9871033963832846,190659,119675,11545,0.3499943958110013,13.839649603735188,0,1.3325895851174343
0.003171776651304206,0.674644749027316,5.207537593044749,4.079675203386988,129534,68486,42144,0.4247232543429216,12.485299533754366,0,5.507561524572434
0.033410665094508366,0.9167219297140573,2.0166300835344066,1.420649583217491,22970,12817,1912,0.5958108027321193,19.956513901250013,3,1.4916820623783655
0.011699425111625104,0.736134708729641,7.780640392027163,6.23091035786816,88804,39070,23432,0.412345617083153,19.634368511676502,0,8.411728983122016
0.011042818130580945,0.5104805348707891,7.6092205445396335,5.520162403385168,162642,66452,79616,0.7998889526670115,20.896606204704348,2,6.348186763892943
0.03406782310674529,0.5285365135282324,2.093241313086911,1.4983356090818918,28557,16177,13463,0.4338997065844712,3.2002548152263453,0,2.0227530722605542
0.03293362062982103,0.5914825025898146,2.3888051047200145,1.841455920105611,160472,73766,65555,0.7089300336791211,22.35674483848781,2,2.1176743081214524
0.02070214968358609,0.6209559635961431,3.16473962337599,2.635791783803325,174143,116079,66007,0.47933877627991783,5.071840114860121,0,3.5583189081344893
0.017635255680518682,0.8658935848251904,1.769018299369134,1.3510037397961792,107715,51242,14445,0.3628283457132008,5.240691675681901,0,1.823855048724842
0.030020916363102557,0.7884743142504662,7.1159642277474005,5.823835085368088,170693,93740,36105,0.3222413571669637,22.534247197675178,0,7.862177365246919
0.03494230729495459,0.5889286911807623,1.8426807534223382,1.3295616416739253,75063,50353,30856,0.5988029164549581,15.278167562872222,2,1.528995887925014
0.02497058522171862,0.6297004992537135,2.553409358993118,2.0455450262994916,22230,11920,8231,0.5710182331994995,10.770750469048863,2,2.3523767802444153
0.00729911797372298,0.6741049695194238,3.36290077492315,2.6058776810715267,151509,104612,49376,0.3792897930958805,22.079393528644882,0,3.5179348694465613
0.010662052013268922,0.7897726573006887,4.827158635887077,3.7822828004297144,138051,71543,29022,0.4109897697382046,3.622288790458404,0,5.106081780580115
0.02727535275729918,0.6223437215262693,5.262334027210265,4.226527536239488,199473,110819,75332,0.5961798801577625,7.8516712974972895,2,4.860506666675411
0.003457321781400795,0.864873990209151,6.305827439936098,5.357906827200611,27152,11593,3668,0.4576010692045994,24.361975440059346,0,7.233174216720825
0.019989549207468052,0.6828982486943417,7.221012662289224,5.545524341704887,47113,32148,14939,0.767234716405973,21.404372634647142,2,6.37735299296062
0.01841768126370725,0.8868248154195729,2.255473514851863,1.7727648402272784,91940,49647,10405,0.5676116759843661,21.852011064298473,3,1.8614030822386425
0.016249870668004405,0.6781425839951597,7.963229359537244,6.256565959231092,82281,35026,26482,0.8207770686227807,8.709649405148301,2,7.195050853115755
0.008699799517031427,0.5632768379925038,7.622015353373334,6.149331935613068,102504,54230,44765,0.6197111365281066,19.42195166297621,2,7.071731725955027
0.010045765362937727,0.9362539620771191,7.854574805796275,6.080549605995131,126103,50483,8038,0.7918308062995406,9.154042354280028,3,6.384577086294888
0.011590844440738466,0.6117635437372703,3.2190973080563134,2.3564522629437894,197657,132372,76737,0.3562162232063424,5.285743863929326,0,3.181210554974116
0.030308633726362666,0.6954795077276456,2.184901741374948,1.6967955889600477,185703,129460,56550,0.7442127808661291,6.328235890862748,2,1.9513149273040546
0.008207371707174886,0.6667103683459721,3.226927719334436,2.721846289705965,54314,25086,18102,0.37477138975471086,11.766660346978068,0,3.674492491103053
0.0056083944450884505,0.7037500421716608,2.0413929976388236,1.6300954396324832,111262,47204,32961,0.6612522685828155,17.037507165839607,2,1.8746097555773555
0.004227688325231016,0.6562373863789254,7.94970123578877,6.373784262018851,149599,65706,51426,0.479155362347738,15.277441586321135,0,8.604608753725449
0.023997245359886774,0.8741145469615356,3.22744757197261,2.329826206567006,27449,13681,3455,0.7511897582761418,6.230790610489832,3,2.4463175168953564
0.016797320409530515,0.5066923398487791,4.371776257186344,3.0968602112711348,10776,5525,5315,0.45517817079694056,21.800012841757454,0,4.1807612852160325
0.017604057089560813,0.5131554878636765,5.955750847868776,4.516273947362508,85880,55329,41810,0.722536277705474,20.468816410944516,2,5.193715039466884
0.030896996445570476,0.9594642300581404,3.8386480864247514,3.014549324549871,48442,22390,1963,0.8093801609988223,6.960785219927026,3,3.165276790777365
0.009691828996498356,0.6455399121173,6.3797666790799115,4.875041118407098,79710,50652,28254,0.8112197325221067,19.40189556739326,2,5.606297286168162
0.0027649797687481366,0.9102678241125386,7.566508176937878,6.4243693339707955,105726,70090,9487,0.7686767601199617,24.192308865768624,1,8.030461667463495
0.02076708644144138,0.9452412250567762,6.659592912822875,5.555433364508065,133536,53770,7312,0.3201474019172906,15.724659758494857,0,7.499835042085889
0.014225425454414933,0.9359813293368454,3.113873391600136,2.3815142038738477,74285,32460,4755,0.7431701078986539,2.2125732353647978,3,2.50058991406754
0.011625185537496887,0.5854611661760434,5.123272584258384,3.7816814635504064,117923,51494,48883,0.4005336933506948,23.8693583219499,0,5.105269975793049
0.029643214687462074,0.6900704617136391,5.469195141019206,4.602029795437706,30236,17527,9371,0.43284854699378783,13.280569078622221,0,6.212740223840903
0.003520051929122574,0.5170236515019402,4.281134687750221,3.2528013970834837,174632,96935,84343,0.6076119132049151,17.450663090496334,2,3.740721606646006
0.015669129738472353,0.5566498252142832,1.7197415666337665,1.3984153011787197,120287,74727,53329,0.3704742721377882,13.778388675667381,0,1.8878606565912717
0.010488049424117844,0.578970207069119,3.983966343781744,2.8670700769585826,50113,21924,21099,0.37450223820007994,20.911151993026184,0,3.870544603894087
0.032344851216317985,0.8874698699703333,2.405214644186707,1.8321197804372087,58046,28194,6531,0.7782025140958382,3.66225628187045,3,1.9237257694590693
0.030780114526476346,0.7569001318536281,3.857867417484981,2.879713176095463,174180,85651,42343,0.7866416945281077,18.647290294020067,2,3.311670152509782
0.02377058226625912,0.8913870829864804,2.799802641029015,2.2194215333506353,195138,96931,21194,0.6130461351580236,13.910351937957913,3,2.3303926100181673
0.02325163635607974,0.7584848858941624,2.6030099799212407,1.9006182653806574,93074,46889,22478,0.6697239593009463,23.87375726921794,2,2.185711005187756
0.0175106828118928,0.7284332127762116,5.582093601340222,3.9941254338228056,121740,74679,33060,0.381199780244145,12.489544334331251,0,5.392069335660788
0.0023119308274780668,0.5087210183932651,4.0809129279166045,3.01148551235427,53061,25875,26067,0.8120657279526595,14.717778552291525,2,3.4632083392074104
0.02468232676118836,0.7924020427621549,1.8591803827223432,1.5700168500617422,55734,24970,11570,0.3537372570298264,13.982644477693215,0,2.119522747583352
0.02549296456945741,0.8439363419466519,4.1566102552335895,3.2352637072387584,143904,59126,22458,0.7708716211941753,7.308809059318977,3,3.3970268926006963
0.029857035143634907,0.568206340574274,5.061532745833784,4.2173510191702785,129130,71978,55757,0.7171246915502056,9.697117603863527,2,4.84995367204582
0.01389021296397754,0.9577317433725951,2.491091588228032,1.7825315095860959,118057,55951,4990,0.37875862713413316,14.83282105299305,0,2.4064175379412296
0.007288141465198889,0.5190775165717919,1.2519288020806751,1.032510032346685,87757,35735,42204,0.6576778277145731,6.841105234731151,2,1.1873865371986876
0.024679035107276964,0.6517919876574201,7.111044155688954,5.337102284281935,30407,19126,10587,0.5361385308539259,21.817549943647588,2,6.137667626924224
0.006124901848079991,0.636630415953028,1.6544465310879284,1.2104454885429718,92236,57449,33515,0.3125961888057018,24.056248961616664,0,1.6341014095330122
0.012711004406970407,0.5929916577812999,6.954954542099487,5.601763063426318,57890,40015,23561,0.7329056228947306,24.15366074234258,2,6.442027522940265
0.02504720468211148,0.5390840784710248,3.8134413089487356,3.039273035110073,50097,27650,23090,0.4985331775066971,20.01977668308126,0,4.103018597398599
0.03414105609945494,0.7864155425647146,4.122261293672702,3.0233328879197243,133773,84099,28571,0.5862248205754292,6.698153724370957,2,3.4768328211076827
0.01953801442306953,0.8750224770206303,7.269684488465252,5.949922713482574,71457,37047,8930,0.6346113192490891,2.924569898931161,3,6.247418849156703
0.026904456934388817,0.5487984376808861,3.7772564805972118,2.702788747000916,169551,82301,76501,0.8279651144893865,10.7189946301236,2,3.1082070590510535
0.001325911764909415,0.6390846126896069,1.8350970642126871,1.31286749842149,149642,61243,54008,0.4107825998525414,8.15414545169908,0,1.7723711228690118
0.0034669167645916496,0.6738127048904128,1.1904175610083298,0.9320701942523584,65760,34172,21450,0.7127139098998859,3.683027271664048,2,1.0718807233902121
0.004042265021402191,0.8194671198222507,4.408584992674738,3.608701416453094,52565,21355,9489,0.8233409749569409,18.666048955291675,1,4.510876770566368
0.028198237041941004,0.9806496868076277,7.521400923894077,6.096373588685146,79492,50219,1538,0.44601027374870694,6.801078268852967,0,8.230104344724948
0.03310504942828873,0.5094591641917546,7.757720925644008,5.604094469201512,181557,103939,89061,0.3972181260055771,15.617479078363084,0,7.565527533422042
0.019363968118335885,0.7420139370155843,4.593960535539324,3.3287755155998537,167333,70164,43169,0.35481363400218674,11.636854762135314,0,4.4938469460598025
0.028703069870439187,0.9352071760854075,2.7136751804263053,2.1333705560567706,23632,11500,1531,0.5249542552049503,14.05140666177142,3,2.2400390838596094
0.005585744777873622,0.5127313239256324,2.0696406652279826,1.6433527275133477,47362,30345,23078,0.35502380643650616,23.481893433563496,0,2.2185261821430196
0.00475408941893112,0.8109395491817757,5.70684405516903,4.576784058048672,139648,71963,26401,0.6699568066878041,15.539909568358304,1,5.72098007256084
0.008598957648057907,0.9151326489109604,4.443582678265496,3.658758895669852,33688,14957,2859,0.7625086920244183,5.363094234592127,3,3.8416968404533445
0.0313056825659208,0.7202653745718944,4.848636815608863,4.04612536198762,153055,69570,42814,0.5451633914506995,7.620446256137256,2,4.653044166285763
0.018946692992370784,0.6348763535777151,7.051426749168199,5.578374455708809,149177,95718,54468,0.4816167851993802,9.364783635564013,0,7.530805515206892
0.014024135612571893,0.8088286387611996,4.094424972759561,3.252182643027594,50778,23582,9707,0.40280158063481675,12.463506651341227,0,4.390446568087253
0.026424019422761097,0.6379842990152732,1.1391593608809627,0.8898920343255056,150919,78082,54635,0.5310740048007052,24.284739493622872,2,1.0233758394743313
0.024616658795308766,0.8523942421926414,4.938914037597473,4.17926649322387,106824,56668,15767,0.5233188136269031,10.508390105572817,3,4.388229817885064
0.02911541290487328,0.5765954384856266,3.406690325445626,2.755145881891867,43230,24590,18303,0.43714377099868607,20.790617758608597,0,3.7194469405540205
0.0047570459417414605,0.9064288534832156,5.219108603553213,3.799701196682568,190525,129837,17827,0.32436099632015103,19.244083397724815,0,5.129596615521467
0.003428374217099354,0.7289749434822889,2.2278790415878773,1.6066676526332493,191782,98071,51977,0.6553056600206844,10.193709821014426,2,1.8476678005282365
0.023907521972801198,0.8573253996394967,5.833868482797514,4.183433819650632,146220,80154,20861,0.7158091203558501,13.98534632877339,3,4.392605510633164
0.010712061604413878,0.6217143382796296,6.312540843589374,4.530736087544091,144221,71329,54556,0.3333037409326933,17.796887967822805,0,6.116493718184524
0.020306087107585857,0.6712183052199562,5.936322852421482,4.63391535969423,33634,18601,11058,0.5864582635461648,15.579285690039843,2,5.329002663648364
0.0030428953455728693,0.9767219658863862,4.258072794202262,3.572436916979885,187482,124087,4364,0.5252229530900535,5.898963687577634,3,3.7510587628288796
0.02672448494199106,0.9079198424655297,7.164077101846766,5.66696204297701,51313,30774,4724,0.6850878306402243,17.496568196484816,3,5.950310145125861
0.01415488416126787,0.8345855458385876,7.2818487843465105,5.460556630671707,21192,10452,3505,0.7787228434681549,5.9199636432399085,3,5.733584462205293
0.012983734669574157,0.8793440350112353,1.2129562007529897,0.9715082446437987,77427,35995,9342,0.37743995171532974,13.976186986911111,0,1.3115361302691284
0.029187278901249013,0.5195211545106493,7.968959626999174,6.2981627632036945,22637,11534,10876,0.5519131012934742,19.304313175140017,2,7.242887177684248
0.027951815319084836,0.6141861961416177,7.508607604154059,6.232996300201935,77287,40654,29818,0.3336303995762274,13.254609127357426,0,8.414545005272613
0.028653673187533684,0.5483889546540273,1.4871429317741627,1.0752708566894986,168424,103951,76062,0.6107597728983608,12.769207294130545,2,1.2365614851929234
0.031203077699889153,0.8756819336784064,6.683595759112636,5.493844501631858,77843,37128,9677,0.44655290190557206,11.296419086293655,0,7.416690077203008
0.024863087362121086,0.5190142167751631,7.699869369798921,5.44336091283683,123504,81760,59403,0.5138373154287714,4.7393013250151785,2,6.259865049762355
0.0037350688071173654,0.5766888705494236,2.749252364071553,2.125935690765587,94552,49470,40024,0.7610601566197627,24.561891339110236,2,2.444826044380425
0.022933508975369735,0.9284496482783766,5.19114578980345,4.170920556982403,73008,44639,5223,0.4765573941607485,15.240212114249383,0,5.6307427519262445
0.021200609855109045,0.6543850970894837,3.4489665739256457,2.8086211437917927,96049,65478,33195,0.4495385770551885,13.724867428180787,0,3.7916385441189204
0.006965468986695995,0.8950427310344922,7.219021936008673,5.975136275921289,79491,37624,8343,0.35257655496648355,12.135032973629455,0,8.06643397249374
0.023997497540787147,0.5859404067577726,4.5924886090222365,3.50779939804778,163334,86382,67630,0.5935770165542706,23.971582508041912,2,4.033969307754947
0.011189520039735196,0.6416055566515513,6.597165559594299,4.892661487841066,81151,34455,29084,0.5373885345547921,21.05142827876238,2,5.626560711017225
0.017096318441537153,0.9063504719899519,6.107807640560137,4.4673375929435295,129906,84502,12165,0.49724287386278687,12.465750239805873,0,6.0309057504737655
0.0019510445073622055,0.6890815597545535,6.393064656874849,5.262715056233919,109448,50114,34029,0.4121375615032881,6.302307228606748,0,7.104665325915791
0.017626590931784206,0.8909863700805446,4.982790236328687,4.155552325698419,43002,17558,4687,0.37670600501584983,15.117645802628704,0,5.609995639692865
0.026086384515743855,0.7635666306626557,3.485447973154189,2.9511163136567324,138054,87030,32640,0.30695343077001014,6.996671167060249,0,3.984007023436589
0.003214666114810462,0.8823111891427684,6.29111905824871,5.171585505146706,117196,71339,13792,0.7257115076307945,2.9875315619574927,3,5.430164780404041
0.015551529855228102,0.55988367595683,4.0184027051127025,3.074465352487678,188564,112397,82990,0.3802280198246428,6.260136609111571,0,4.150528225858366
0.007951176480232542,0.6169633943024995,2.585876939684039,1.9633849028889387,185783,103586,71161,0.6982534835248116,2.452854175442275,2,2.2578926383222795
0.024472837435468398,0.9579139270181387,5.997594558787278,4.231417267247472,77972,34658,3281,0.31217330155696493,16.451736401869034,0,5.712413310784087
0.020800599147383855,0.9835827965532753,7.208526774220204,5.49020484868567,21375,10629,350,0.6262807468609796,14.396128745197684,3,5.764715091119953
0.023543831367028104,0.8628276789629178,4.086167683330061,3.4047854244637636,138637,88121,19017,0.5520357630638605,2.864176374426034,3,3.575024695686952
0.01773671781688411,0.9402383117306496,2.333151089252632,1.9770862669312832,58242,39809,3480,0.8427458749893157,3.0329184197008257,3,2.0759405802778472
0.006111759740880063,0.7075268052275011,2.3043343344108513,1.7388093467856,35030,22117,10245,0.7358680821912889,4.117611051304758,2,1.99963074880344
0.00289178627138309,0.8924830755575206,2.8156881472677235,2.2167785264492106,114396,46514,12299,0.3221546919914493,21.023880572412303,0,2.9926510107064344
0.021661037090616612,0.7566831085810539,7.610464584302251,5.524948075087882,160762,112015,39116,0.7232800832121027,24.127733694856133,2,6.353690286351064
0.027507568108538293,0.9286921640466507,5.945707426122337,4.840253560572312,129581,87761,9240,0.7537714008428489,21.40935421030954,3,5.082266238600927
0.023882309432743783,0.649244174072752,1.2494085677309754,1.0499383276805407,145967,71442,51198,0.3820243093161458,21.079032806517358,0,1.41741674236873
0.029441686611217686,0.8991089043839604,5.5155788437675035,4.163723199881519,32431,13055,3271,0.7584841572785321,4.010952042353777,3,4.371909359875596
0.022445669933386102,0.7469967239516433,4.686825512484458,3.932279069659451,5051,3192,1277,0.3286288191020189,2.8775329365136755,0,5.308576744040259
0.015613801736806987,0.5309068354280537,6.524007659050384,5.085036413172094,152665,66655,71614,0.3433033525449149,17.64141210220299,0,6.864799157782328
0.01484361211103009,0.8558506380164357,1.7704074030633503,1.4012417542759532,41308,24120,5954,0.6455537024858675,18.884460560265914,3,1.4713038419897508
0.022109722376931245,0.9749286439244387,2.3810181610194796,2.006397339837471,45429,22089,1138,0.5710817434244146,16.565520813712823,3,2.1067172068293445
0.00722984443723329,0.5043444762854755,3.413321310885069,2.6365542315577826,96724,52970,47941,0.4861672222130978,12.46706232044738,0,3.5593482126030067
0.012813563519672194,0.807949246395532,1.3002790769550017,0.9435290397668211,54874,29227,10538,0.6603778665169893,9.827300298858404,3,0.9907054917551622
0.011967014045531126,0.7079726055402138,2.018974310567508,1.6649892500532637,22404,10802,6542,0.8420008390525731,20.97044120298585,2,1.914737637561253
0.03480461284894223,0.5824134843698447,2.0068987176350106,1.556363387581937,146376,79330,61124,0.8342129250857,10.564424859257862,2,1.7898178957192272
0.013633485689550803,0.5955648135766857,1.8002617988338765,1.4600946243274686,51972,36378,21019,0.5001557672424615,3.4154808789276125,2,1.6791088179765887
0.02997898794236752,0.986579152814033,6.714509564512632,5.558152664059557,89124,59872,1196,0.6218049441997424,6.942036998530095,3,5.836060297262535
0.03122927225235215,0.9867468189768243,1.606749928055815,1.3325383609002253,59841,36351,793,0.3426422763850449,20.521412062553477,0,1.7989267872153043
0.005739717028391159,0.7051456605963176,7.169016052511452,5.6210802484186,62055,25075,18297,0.5265440636854651,3.6878323829961968,2,6.46424228568139
0.014777676619597356,0.5195667727401485,6.846520824261383,5.007961935431971,7599,3465,3650,0.4955039021406049,7.416896239205316,0,6.7607486128331615
0.00931094116303757,0.8021976683339488,3.2309185917296843,2.5898217332943885,63770,34026,12613,0.49030132713475205,12.37772438888512,0,3.4962593399474247
0.02645100551280301,0.9420879404047833,1.3483703761200287,1.0498637346799757,129660,70084,7508,0.7869055560032953,10.316576127667123,3,1.1023569214139746
0.03270331431674187,0.8089981511087986,7.539087406551045,6.133612990131973,183728,76958,35092,0.5080954832344782,21.755283936205938,3,6.440293639638572
0.008508047139845747,0.5754390896184026,7.368630302651333,6.195180203657168,159580,101443,67751,0.818050799668314,22.170743112401667,2,7.124457234205742
0.008094699233394122,0.7430546481842367,3.43417847607148,2.609902851896574,125332,67639,32203,0.6858599472692346,18.527838245369267,2,3.00138827968106
0.015972212712490635,0.5698069425626832,5.484472449240859,4.475019683470089,172116,99210,74043,0.4261765951790335,16.83815193884294,0,6.0412765726846205
0.012385111295591208,0.9505838427785096,5.576040649319865,4.135899632294929,118917,57730,5876,0.5291475175656764,10.133670852222538,3,4.342694613909675
0.018845825412189803,0.7938236705937934,4.966672176251152,3.9640264564391336,49035,33032,10109,0.8325978798303317,17.09133597886524,2,4.558630424905004
0.034444467341439515,0.779660271998309,4.098235208466534,3.207844917648117,27789,14464,6123,0.5521227791667909,21.5184393705825,2,3.6890216552953343
0.02679405215324321,0.7946990267601524,3.4309406441338894,2.4979141351804746,18894,9048,3878,0.5347876826400413,10.895715402278688,2,2.8726012554575457
0.02703006216889605,0.9330556605074707,5.895596697676838,4.429010062595148,50311,25185,3368,0.8420472643707215,14.002160115381546,3,4.650460565724905
0.005783644411265374,0.6076405922174066,4.373609955749045,3.089389648565608,46098,27293,18086,0.8447208440202099,22.22129512700189,2,3.552798095850449
0.002550492610086931,0.7072988165063951,7.015174054629406,5.052336931588992,169483,97929,49607,0.8122142039278615,22.14889962808178,2,5.810187471327341
0.0240191669499964,0.8223331033376208,2.492149416743357,1.7881494675712328,55333,23833,9830,0.4662797033000914,21.791268684322915,0,2.4140017812211645
0.0015830372366242818,0.6433924640438661,3.968365296501446,3.0817747989235227,105037,72398,37456,0.6183801739647042,14.008542582312014,2,3.544041018762051
0.0012999680236315994,0.7380005359040435,6.863694406186289,5.030722037553926,53435,35564,13999,0.4386081035234789,10.766396027304166,0,6.791474750697801
0.027439847369041433,0.7414469591033754,7.224498093969336,5.432532849585385,32678,14451,8448,0.5440676577791845,9.485720305672775,2,6.247412777023192
0.0029244838305858218,0.9082648906526585,1.316174295482344,1.0502922070264276,5799,2653,531,0.66689732823455,15.214367434102734,1,1.3128652587830345
0.011718712750744216,0.7513507666470272,2.723659708443466,2.259424082767065,164085,100054,40799,0.6512978748493533,14.241401496564052,2,2.598337695182124
0.027125958465877165,0.8713894924070213,5.3250140784357916,4.356119845947086,154703,95133,19896,0.5708924795553129,16.73429562832684,3,4.573925838244441
0.015076035757165325,0.6464246576058472,7.654816476977399,5.490865187830283,86855,52916,30709,0.5616865854541047,21.23059451333682,2,6.314494966004825
0.02405446541894517,0.8354267721853488,2.520087334437455,2.136120439674877,6753,3313,1111,0.8426512958975014,8.255708428617773,3,2.242926461658621
0.017661367018979107,0.6983976174433024,2.1917459817321947,1.6008355346087089,128747,76555,38830,0.5146077819874463,13.466532201619744,2,1.840960864800015
0.030772215180935925,0.5531959409043766,6.5421302509975705,4.747055952733458,116055,48215,51853,0.6052185890881252,19.933365079148857,2,5.459114345643476
0.004972381037963161,0.6981953310750924,1.2936510604303506,1.0380422816543544,71634,31022,21619,0.7341587984040585,5.86635864551914,2,1.1937486239025075
0.012745177117387457,0.8730230005164266,7.679619502334951,5.80360436331686,112373,51381,14268,0.7439488736113702,17.122363362893772,3,6.093784581482703
0.0075532792452205275,0.6482269405721917,1.9223962201792522,1.4561095043039836,156857,106122,55178,0.3951123330516949,15.176391827137847,0,1.965747830810378
0.02086794817739184,0.6811066661856817,3.467629227038186,2.77510297008452,6085,2899,1940,0.519522436320017,20.57622778630756,2,3.1913684155971973
0.03386026747446031,0.8116156129223839,6.474708578388745,5.049778859920053,31825,17824,5995,0.37386333041735265,23.450489212005273,0,6.817201460892073
0.03141372228069779,0.5930982895091194,3.404109983058069,2.6961365185199417,194487,97955,79137,0.5046661078044158,16.02382112336818,2,3.1005569962979327
0.01032781112928213,0.8423000277140591,2.0699521276535413,1.4825075753043584,120650,82009,19026,0.8331315689434133,4.883714334488316,3,1.5566329540695765
0.0064589655659477874,0.8316009823531445,4.7900413362689145,3.3662968025507713,109583,61034,18453,0.4034815917006056,4.36552635742151,0,4.544500683443542
0.015646330016074485,0.6653332072563527,5.591421467373815,4.690011906980923,45058,23886,15079,0.5515148888982939,14.671716458333869,2,5.393513693028061
0.004589812238750553,0.9857869128943095,2.7089577456483447,1.9769509326756767,41432,27419,588,0.46576910757945034,5.6630189698451705,0,2.6688837591121635
0.005787853416549036,0.9052273588534502,6.330399804310684,4.903823958453861,134356,76743,12733,0.7863069591756031,2.39994108728498,3,5.149015156376555
0.01477619152923268,0.9538514506008566,3.4720808159777645,2.669368103720689,155511,95438,7176,0.5664961646191057,7.165078243365283,3,2.8028365089067235
0.019267446782647236,0.9626917467364531,3.8693769171793027,3.1030318955123266,34400,21381,1283,0.44583195121935587,2.3885471666449245,0,4.1890930589416415
0.01730980552614056,0.9208670397868643,7.270842736831135,6.132475460748616,35312,20269,2794,0.5445330795798555,19.82154647028428,3,6.439099233786047
0.02615393556843028,0.7636902807399126,1.6112916079092838,1.351732190884362,160194,85920,37855,0.6929466716666673,11.255906689899215,2,1.5544920195170162
0.007391451650585151,0.7650211936242881,2.577358380180296,2.180814095705375,91287,47644,21450,0.7018080444936059,24.20553810411548,2,2.507936210061181
0.028515562988628732,0.960770705058394,1.9842406285356875,1.4101532243921442,118996,48951,4668,0.6400588516550528,5.0138561834076105,3,1.4806608856117514
0.012667997159099262,0.8311345292989034,1.6861640840805232,1.2124998900850368,93918,44306,15859,0.6245513697184043,12.19557767982251,3,1.2731248845892886
0.016188532903655704,0.677740957506517,1.1185054669787453,0.8705487834010348,188643,122124,60791,0.7489839193922955,20.268456499341514,2,1.00113110091119
0.0290069700433108,0.6036214178398809,4.375513907922706,3.3810940176441227,77264,49535,30625,0.5486045583928947,13.93910979781375,2,3.888258120290741
0.028553665989205435,0.7095735737014268,5.911195449297178,4.52318974614096,54738,37178,15897,0.7054187312436127,14.981267286743797,2,5.201668208062103
0.03114677172617508,0.8261226305064847,5.531243313943026,4.076281288143124,93196,59594,16204,0.732637183669846,10.383522184622226,3,4.280095352550281
0.0346178538004049,0.7909886387058424,3.7958021124480634,3.1327927428903344,72058,44023,15060,0.4952313170423853,22.53158602693274,0,4.229270202901952
0.01807415881233034,0.816424825839539,2.467049373568365,1.8813744433610486,50534,23441,9276,0.5148159076758578,9.31576052184699,3,1.9754431655291012
0.006137746285402524,0.6419617798824924,2.629405985026517,2.2048595824686696,79310,39245,28396,0.7198364792834904,2.509218919779042,2,2.53558851983897
0.01890184016621876,0.6226639362299898,1.800254502659599,1.498826692347497,151130,97738,57026,0.5272724726204742,2.3286877109361077,2,1.7236506961996216
0.02590611619623486,0.7922162815274902,3.4092031821747355,2.5304193216027806,98699,53296,20508,0.5309113302952921,22.463415562861144,2,2.9099822198431973
0.0158702839131289,0.5369186176108438,7.626471090504668,6.391595062679275,94527,40444,43773,0.7349114652176119,3.735992031752666,2,7.350334322081165
0.0033324334864349523,0.7633180827952903,2.1208976812924814,1.4870876428164244,81133,42056,19202,0.33803406237277,10.002869812912826,0,2.007568317802173
0.0074629040283947234,0.8193694946213606,1.2048347641713253,0.8961434415977829,37160,20511,6712,0.3179602690268114,3.594274011540288,0,1.2097936461570071
0.009757302672083575,0.7665102261494423,6.176858041144951,4.884353332452937,168233,106752,39280,0.4354030466036891,17.404684754960826,0,6.593876998811465
0.012006351269974083,0.7494879733127328,5.716699020345765,4.506658920330914,43692,18337,10945,0.4369922576943755,15.152303666700458,0,6.0839895424467345
0.0016227850453346517,0.62281568500683,2.604296676018377,1.9206125887890753,116690,51123,44013,0.5763924263413913,14.90933684169288,2,2.2087044771074362
0.012483695890781903,0.5351088009734275,7.604524749432674,6.205314758333205,64668,39206,30063,0.4958582447354277,7.545540296760025,0,8.377174923749827
0.008561308807409096,0.9665651803535777,7.710016901905507,6.235281152469426,34715,24282,1160,0.3270539446276121,12.14630278548876,0,8.417629555833726
0.01637117976127306,0.647309645005021,4.9994609599486175,3.61209331353427,167646,100930,59127,0.5320901913586141,22.06542256817,2,4.15390731056441
0.012307140381838617,0.5650142028148162,6.680910835103416,5.3520254770509235,137475,77114,59799,0.5210187862265858,23.59377485802013,2,6.154829298608561
0.021649291091301388,0.5776107379816259,4.515039168458896,3.7446991005012813,34098,22256,14402,0.4377196226261022,22.432081672093464,0,5.0553437856767305
0.026690785282021852,0.8571677401646585,3.4257874883446706,2.85419042515513,176481,99424,25207,0.41287865972917004,17.99257634840904,0,3.853157073959426
0.02619763941540915,0.6269581206372346,3.408698348208156,2.8925217167672685,151371,95097,56467,0.548998984646467,20.246931040802448,2,3.3263999742823587
0.027146790118610032,0.8272004523472825,6.983448424069055,5.8722614845348495,122095,68946,21097,0.40894385180805565,14.57793868661695,0,7.927553004122047
0.034903886348977974,0.7773633107328504,1.3108172592422123,1.0741693197431292,182943,81611,40729,0.7743858934246803,6.5533848773042545,2,1.2352947177045985
0.032306091255190135,0.7164802803168767,6.1995358432479,4.8483431473157586,155362,88497,44048,0.5771811789039665,6.672680882376805,2,5.575594619413122
0.003296864677493361,0.5840017801926118,7.890669188330223,6.078040778832007,159339,65271,66284,0.6908783337573391,21.095344388885923,2,6.989746895656808
0.02259341827447391,0.9434630327471671,5.885832331379444,4.447589159662057,197926,84141,11190,0.7252262700869027,4.298548851078249,3,4.66996861764516
0.030960434054406506,0.6490602138861519,5.580753553814024,4.3146219987552,138866,93721,48733,0.5233241500045183,17.579632974782616,2,4.96181529856848
0.02574369438917188,0.8346414303664118,7.323801686251164,5.380574671669159,182047,75848,30103,0.7828142827612636,24.38560214860119,3,5.649603405252617
0.01128590240096023,0.8398218225517349,1.0623894892022423,0.7737326624935054,23722,13634,3799,0.37882051995158583,12.2443248572902,0,1.0445390943662323
0.013073222056348456,0.7428740585771932,7.09230324187866,5.790008958812171,27036,11238,6951,0.7085425779929155,5.964324065363624,2,6.658510302633997
0.0020813880619506052,0.7210722789813024,7.059463110970572,5.101340405361871,177473,71887,49502,0.3833858508617618,4.117851341843254,0,6.886809547238526
0.009151301879900788,0.549008864111918,5.843370186336934,4.115812765253377,20817,11371,9388,0.500869325323692,10.638492282190647,2,4.733184680041384
0.018104398188494932,0.5378841965725008,5.776138240069428,4.347850193042351,122385,68155,56556,0.32377273327977846,9.87749983918716,0,5.869597760607174
0.003612881703281963,0.6925427752929463,5.689484395129261,4.383653771475056,22875,9967,7033,0.434716475131511,4.3032956179820765,0,5.917932591491326
0.02845495687632647,0.5662675157125141,5.167613565842254,3.8830019977131935,117695,59984,51048,0.34198460319154905,17.07249964180101,0,5.242052696912812
0.017606683255411447,0.5670706446522559,7.551131785842697,6.368249251851963,172044,103372,74482,0.31468123722276986,12.715049764876534,0,8.59713649000015
0.0029612316758404885,0.5913386528933744,4.923561138545812,4.086202909258183,113863,59861,46531,0.6206535656525032,5.382607804657899,2,4.69913334564691
0.02702469536932224,0.864675276634247,7.323387095947562,5.1356929198714845,45533,30802,6161,0.5297857829840409,21.87466331251686,3,5.392477565865059
0.004728570207537025,0.6562498692610289,2.2343159763762803,1.7008989956954421,19538,10825,6716,0.6352361712204584,6.399743006648467,2,1.9560338450497583
0.010293205826238539,0.8137701996858911,4.278106633199709,3.5452757312126466,157775,98248,29382,0.5739662840342243,22.64637196031304,3,3.722539517773279
0.03385726224620457,0.6775007615063862,5.557233086022313,4.442073640742012,48118,23198,15518,0.4481402334836074,20.84433153398019,0,5.996799415001717
0.0251626863620564,0.980988619392687,5.980590302182729,4.5616254773734894,65506,39731,1245,0.42471703581942644,2.8092628830572295,0,6.1581943944542115
0.003027676566723067,0.6830258308029854,1.5431191618255529,1.2182862205949239,166961,114587,52922,0.41603310934143467,13.590367177657617,0,1.6446863978031474
0.024138864819912384,0.6212591874556553,5.2033100427519186,3.8433563697920907,99325,60034,37618,0.47336541593860504,18.878777014728,0,5.188531099219323
0.012229091202979145,0.5616003048144913,4.327522502189543,3.516776649048088,157050,72053,68850,0.6200690028281807,20.080655299472046,2,4.044293146405301
0.006754418313058414,0.5531921253085977,6.245032523844752,4.657381321560457,101134,68559,45187,0.346692279947667,8.238066357817374,0,6.287464784106618
0.027103435112578757,0.7756747312752967,4.9173045964817375,3.564712907721036,112739,71298,25290,0.5826215475980174,2.2430438238121875,2,4.099419843879192
0.023899561934051707,0.7076081875436435,4.575966554746586,3.3501449036254454,109894,45468,32132,0.41180624693926104,14.890472974852473,0,4.5226956198943515
0.011969346704050289,0.90339230531297,6.4949251536350285,5.415059956400631,22111,14899,2136,0.4112182981024353,14.487848572806593,0,7.310330941140852
0.022654565053626334,0.755695462438284,4.038534759378437,2.9432692945691743,137044,80115,33480,0.8473022734372497,6.088323683157337,2,3.38475968875455
0.019578328423273922,0.5586664818599479,7.539655087504973,5.607718562406343,193656,80840,85466,0.5895835890868967,14.406809835253437,2,6.448876346767294
0.0302638691064331,0.5478288991325567,2.683118945731365,2.041801859835345,179141,93469,81002,0.8343365648951859,12.691815123980195,2,2.3480721388106467
0.03397183902280095,0.5963275922263215,7.332468989804646,5.147930925300597,69927,46697,28227,0.4027589234620207,16.2522754872533,0,6.949706749155806
0.032190307492219405,0.7272285506063472,1.7248050036694877,1.3258093937307642,11185,7759,3050,0.7361568193231692,24.737581017605635,2,1.5246808027903787
0.03134024765935483,0.7038069921458864,6.493439758683854,5.433776472302075,93590,41812,27720,0.4040806813998865,20.58433922844402,0,7.335598237607801
0.009868256720850298,0.8916212820828482,2.900734380359518,2.0449543412511106,184508,84690,19996,0.7168154611128591,16.74759156433941,1,2.556192926563888
0.03240249071124921,0.8836642950602106,2.2654316838850876,1.8577077519388692,62602,27451,7282,0.5744395528565689,17.033638232931146,3,1.9505931395358127
0.029500648437769113,0.9588736254867471,3.2219129360146965,2.330496149840759,164501,96229,6765,0.42861660299701276,3.838047514971955,0,3.146169802285025
0.0010188422758986332,0.7980765066860329,3.535041484361658,2.8734466126238187,183373,107605,37027,0.38482250651580197,10.205734082990888,0,3.8791529270421554
0.007034080004454405,0.6446264590227009,5.307108230413461,4.013711931784116,76082,40684,27037,0.5950367182342207,19.06812962883962,2,4.615768721551733
0.0246689614479104,0.9364325118466807,6.014317190796867,5.110261306827569,114844,74637,7300,0.6836991525579653,17.90188823994543,3,5.365774372168948
0.012078410224729965,0.8849448782872811,7.302632156433194,5.351239362929096,41764,21078,4805,0.7575135249216218,9.323921419778127,3,5.618801331075551
0.02251420520069365,0.9819594880723226,7.137249041921412,5.167760044868836,18219,10586,328,0.812173617548394,21.55834411613056,3,5.426148047112278
0.003300900246371435,0.9867610405821434,5.891088465927154,4.267163530002631,116466,56333,1541,0.45894059733298975,18.991204667819325,0,5.760670765503552
0.0020061825210378166,0.6866634237101654,3.8527406610755155,2.977268996811695,25080,15646,7858,0.3278307629169926,22.527762639165484,0,4.019313145695788
0.008719082365597135,0.7711622957125842,5.510017095694452,3.996383615705103,155184,74968,35511,0.48463851497846455,16.694188397802613,0,5.395117881201889
0.007484344347813027,0.9473017487123956,4.26280167457633,3.192141592636263,126992,52059,6692,0.4476081009024313,12.80191219726192,0,4.309391150058955
0.0036045229546661415,0.8458942679700625,3.7556438983894855,2.7825573099631415,99138,43875,15277,0.8437357776507373,2.5098123854840706,3,2.921685175461299
0.00668050431596794,0.9773455092427614,5.39779615667003,4.143348697401305,114865,62784,2602,0.6543130150123808,23.11841078428388,1,5.179185871751631
